1544131238.893271,5200.0,0.0,135.0,3.0,2.0,56.0,0.0,7.0,36.0,24.0,34.0,32.0,1040.0,840.0,1905.0
1544131238.99384,5200.0,0.0,135.0,3.0,2.0,56.0,0.0,7.0,36.0,25.0,34.0,32.0,1040.0,840.0,1905.0
1544131239.094445,5200.0,0.0,135.0,3.0,2.0,56.0,0.0,7.0,36.0,25.0,34.0,32.0,1040.0,840.0,1905.0
1544131239.19505,5200.0,0.0,135.0,3.0,2.0,56.0,0.0,7.0,36.0,24.0,33.0,33.0,1040.0,840.0,1905.0
1544131239.295654,5200.0,0.0,135.0,3.0,2.0,56.0,0.0,7.0,35.0,26.0,32.0,31.0,1040.0,840.0,1905.0
1544131239.396268,5200.0,0.0,135.0,3.0,2.0,56.0,0.0,7.0,36.0,25.0,32.0,32.0,1040.0,840.0,1905.0
1544131239.496892,5200.0,0.0,135.0,3.0,2.0,56.0,0.0,7.0,35.0,25.0,31.0,32.0,1040.0,840.0,1905.0
1544131239.597487,5200.0,0.0,135.0,3.0,2.0,56.0,0.0,7.0,38.0,28.0,35.0,33.0,1040.0,840.0,1905.0
1544131239.698107,5200.0,0.0,135.0,3.0,2.0,56.0,0.0,7.0,36.0,25.0,32.0,33.0,1040.0,840.0,1905.0
1544131239.798724,5200.0,0.0,135.0,3.0,2.0,56.0,0.0,7.0,37.0,26.0,34.0,34.0,1040.0,840.0,1905.0
1544131239.899304,5200.0,0.0,135.0,3.0,2.0,56.0,0.0,7.0,36.0,27.0,33.0,32.0,1040.0,840.0,1905.0
1544131240.100542,5200.0,0.0,135.0,3.0,2.0,56.0,0.0,7.0,36.0,26.0,33.0,33.0,1040.0,840.0,1905.0
1544131240.201142,5200.0,0.0,135.0,3.0,2.0,56.0,0.0,7.0,38.0,27.0,34.0,35.0,1040.0,840.0,1905.0
1544131240.301792,5200.0,0.0,135.0,3.0,2.0,56.0,0.0,7.0,36.0,26.0,32.0,32.0,1040.0,840.0,1905.0
1544131240.402398,5200.0,0.0,135.0,3.0,2.0,56.0,0.0,7.0,36.0,26.0,33.0,32.0,1040.0,840.0,1905.0
1544131240.503077,5200.0,0.0,135.0,3.0,2.0,56.0,0.0,7.0,37.0,26.0,34.0,33.0,1040.0,840.0,1905.0
1544131240.603624,5200.0,0.0,135.0,3.0,2.0,56.0,0.0,7.0,36.0,25.0,33.0,32.0,1040.0,840.0,1905.0
1544131240.704231,5200.0,0.0,135.0,3.0,2.0,56.0,0.0,7.0,37.0,26.0,33.0,34.0,1040.0,840.0,1905.0
1544131240.804846,5200.0,0.0,135.0,3.0,2.0,56.0,0.0,7.0,37.0,26.0,34.0,33.0,1040.0,840.0,1905.0
1544131240.905452,5200.0,0.0,135.0,3.0,2.0,56.0,0.0,7.0,37.0,26.0,34.0,33.0,1040.0,840.0,1905.0
1544131241.006056,5200.0,0.0,135.0,3.0,2.0,56.0,0.0,7.0,36.0,26.0,32.0,33.0,1040.0,840.0,1905.0
1544131241.106696,5200.0,0.0,135.0,3.0,2.0,56.0,0.0,7.0,37.0,25.0,34.0,32.0,1040.0,840.0,1905.0
1544131241.208035,5200.0,0.0,135.0,3.0,2.0,56.0,0.0,7.0,35.0,26.0,31.0,32.0,1040.0,840.0,1905.0
1544131241.308687,5200.0,0.0,135.0,3.0,2.0,56.0,0.0,7.0,37.0,26.0,33.0,33.0,1040.0,840.0,1905.0
1544131241.409279,5200.0,0.0,135.0,3.0,2.0,56.0,0.0,7.0,37.0,25.0,34.0,33.0,1040.0,840.0,1905.0
1544131241.510538,5200.0,0.0,135.0,3.0,2.0,56.0,0.0,7.0,36.0,26.0,34.0,32.0,1040.0,840.0,1905.0
1544131241.610361,5200.0,0.0,135.0,3.0,2.0,56.0,0.0,7.0,37.0,26.0,35.0,34.0,1040.0,840.0,1905.0
1544131241.710985,5200.0,0.0,135.0,3.0,2.0,56.0,0.0,7.0,36.0,27.0,33.0,32.0,1040.0,840.0,1905.0
1544131241.811642,5200.0,0.0,135.0,3.0,2.0,56.0,0.0,7.0,37.0,26.0,34.0,33.0,1040.0,840.0,1905.0
1544131242.012881,5200.0,0.0,135.0,3.0,2.0,56.0,0.0,7.0,37.0,27.0,34.0,32.0,1040.0,840.0,1905.0
1544131242.113489,5200.0,0.0,135.0,3.0,2.0,56.0,0.0,7.0,36.0,27.0,33.0,32.0,1040.0,840.0,1905.0
1544131242.214085,5200.0,0.0,135.0,3.0,2.0,56.0,0.0,7.0,36.0,27.0,34.0,32.0,1040.0,840.0,1905.0
1544131242.314694,5200.0,0.0,135.0,3.0,2.0,56.0,0.0,7.0,36.0,26.0,32.0,32.0,1040.0,840.0,1905.0
1544131242.415298,5200.0,0.0,135.0,3.0,2.0,56.0,0.0,7.0,38.0,27.0,35.0,34.0,1040.0,840.0,1905.0
1544131242.515909,5200.0,0.0,135.0,3.0,2.0,56.0,0.0,7.0,36.0,26.0,33.0,32.0,1040.0,840.0,1905.0
1544131242.616517,5200.0,0.0,135.0,3.0,2.0,56.0,0.0,7.0,36.0,26.0,32.0,32.0,1040.0,840.0,1905.0
1544131242.717133,5200.0,0.0,135.0,3.0,2.0,56.0,0.0,7.0,37.0,26.0,34.0,33.0,1040.0,840.0,1905.0
1544131242.817739,5200.0,0.0,135.0,3.0,2.0,56.0,0.0,7.0,36.0,26.0,32.0,33.0,1040.0,840.0,1905.0
1544131242.918338,5200.0,0.0,135.0,3.0,2.0,56.0,0.0,7.0,37.0,27.0,34.0,33.0,1040.0,840.0,1905.0
1544131243.018965,5200.0,0.0,135.0,3.0,2.0,56.0,0.0,7.0,37.0,27.0,34.0,33.0,1040.0,840.0,1905.0
1544131243.119567,5200.0,0.0,135.0,3.0,2.0,56.0,0.0,7.0,36.0,26.0,33.0,32.0,1040.0,840.0,1905.0
1544131243.220173,5200.0,0.0,135.0,3.0,2.0,56.0,0.0,7.0,36.0,25.0,34.0,32.0,1040.0,840.0,1905.0
1544131243.320772,5200.0,0.0,135.0,3.0,2.0,56.0,0.0,7.0,37.0,27.0,34.0,32.0,1040.0,840.0,1905.0
1544131243.421401,5200.0,0.0,135.0,3.0,2.0,56.0,0.0,7.0,37.0,26.0,34.0,32.0,1040.0,840.0,1905.0
1544131243.522028,5200.0,0.0,135.0,3.0,2.0,56.0,0.0,7.0,36.0,25.0,32.0,33.0,1040.0,840.0,1905.0
1544131243.623385,5200.0,0.0,135.0,3.0,2.0,56.0,0.0,7.0,36.0,26.0,34.0,32.0,1040.0,840.0,1905.0
1544131243.724011,5200.0,0.0,135.0,3.0,2.0,56.0,0.0,7.0,37.0,27.0,35.0,33.0,1040.0,840.0,1905.0
1544131243.824628,5200.0,0.0,135.0,3.0,2.0,56.0,0.0,7.0,35.0,26.0,32.0,31.0,1040.0,840.0,1905.0
1544131244.025821,5200.0,0.0,135.0,3.0,2.0,56.0,0.0,7.0,37.0,27.0,34.0,33.0,1040.0,840.0,1905.0
1544131244.126442,5200.0,0.0,135.0,3.0,2.0,56.0,0.0,7.0,35.0,25.0,32.0,32.0,1040.0,840.0,1905.0
1544131244.227037,5200.0,0.0,135.0,3.0,2.0,56.0,0.0,7.0,36.0,25.0,34.0,33.0,1040.0,840.0,1905.0
1544131244.327663,5200.0,0.0,135.0,3.0,2.0,56.0,0.0,7.0,37.0,25.0,34.0,33.0,1040.0,840.0,1905.0
1544131244.428255,5200.0,0.0,135.0,3.0,2.0,56.0,0.0,7.0,36.0,26.0,32.0,33.0,1040.0,840.0,1905.0
1544131244.528872,5200.0,0.0,135.0,3.0,2.0,56.0,0.0,7.0,36.0,26.0,34.0,31.0,1040.0,840.0,1905.0
1544131244.629473,5200.0,0.0,135.0,3.0,2.0,56.0,0.0,7.0,37.0,26.0,34.0,33.0,1040.0,840.0,1905.0
1544131244.730094,5200.0,0.0,135.0,3.0,2.0,56.0,0.0,7.0,35.0,25.0,31.0,33.0,1040.0,840.0,1905.0
1544131244.830707,5200.0,0.0,135.0,3.0,2.0,56.0,0.0,7.0,36.0,26.0,32.0,33.0,1040.0,840.0,1905.0
1544131244.931316,5200.0,0.0,135.0,3.0,2.0,56.0,0.0,7.0,35.0,25.0,31.0,33.0,1040.0,840.0,1905.0
1544131245.031958,5200.0,0.0,135.0,3.0,2.0,56.0,0.0,7.0,36.0,26.0,32.0,33.0,1040.0,840.0,1905.0
1544131245.132568,5200.0,0.0,135.0,3.0,2.0,56.0,0.0,7.0,37.0,27.0,34.0,33.0,1040.0,840.0,1905.0
1544131245.23317,5200.0,0.0,135.0,3.0,2.0,56.0,0.0,7.0,36.0,25.0,32.0,33.0,1040.0,840.0,1905.0
1544131245.333784,5200.0,0.0,135.0,3.0,2.0,56.0,0.0,7.0,37.0,26.0,34.0,34.0,1040.0,840.0,1905.0
1544131245.434384,5200.0,0.0,135.0,3.0,2.0,56.0,0.0,7.0,36.0,26.0,32.0,33.0,1040.0,840.0,1905.0
1544131245.534995,5200.0,0.0,135.0,3.0,2.0,56.0,0.0,7.0,37.0,25.0,34.0,33.0,1040.0,840.0,1905.0
1544131245.635598,5200.0,0.0,135.0,3.0,2.0,56.0,0.0,7.0,36.0,24.0,32.0,33.0,1040.0,840.0,1905.0
1544131245.736221,5200.0,0.0,135.0,3.0,2.0,56.0,0.0,7.0,36.0,26.0,34.0,31.0,1040.0,840.0,1905.0
1544131245.93744,5200.0,0.0,135.0,3.0,2.0,56.0,0.0,7.0,37.0,26.0,34.0,33.0,1040.0,840.0,1905.0
1544131246.038785,5200.0,0.0,135.0,3.0,2.0,56.0,0.0,7.0,36.0,27.0,33.0,33.0,1040.0,840.0,1905.0
1544131246.139416,5200.0,0.0,135.0,3.0,2.0,56.0,0.0,7.0,37.0,27.0,34.0,33.0,1040.0,840.0,1905.0
1544131246.24002,5200.0,0.0,135.0,3.0,2.0,56.0,0.0,7.0,36.0,25.0,33.0,32.0,1040.0,840.0,1905.0
1544131246.340629,5200.0,0.0,135.0,3.0,2.0,56.0,0.0,7.0,36.0,25.0,34.0,32.0,1040.0,840.0,1905.0
1544131246.441223,5200.0,0.0,135.0,3.0,2.0,56.0,0.0,7.0,35.0,26.0,31.0,32.0,1040.0,840.0,1905.0
1544131246.541887,5200.0,0.0,135.0,3.0,2.0,56.0,0.0,7.0,36.0,25.0,34.0,31.0,1040.0,840.0,1905.0
1544131246.642483,5200.0,0.0,135.0,3.0,2.0,56.0,0.0,7.0,37.0,27.0,34.0,33.0,1040.0,840.0,1905.0
1544131246.743224,5200.0,0.0,135.0,3.0,2.0,56.0,0.0,7.0,37.0,26.0,34.0,32.0,1040.0,840.0,1905.0
1544131246.843706,5200.0,0.0,135.0,3.0,2.0,56.0,0.0,7.0,36.0,26.0,33.0,32.0,1040.0,840.0,1905.0
1544131246.944316,5200.0,0.0,135.0,3.0,2.0,56.0,0.0,7.0,36.0,25.0,33.0,31.0,1040.0,840.0,1905.0
1544131247.044932,5200.0,0.0,135.0,3.0,2.0,56.0,0.0,7.0,35.0,27.0,32.0,31.0,1040.0,840.0,1905.0
1544131247.145541,5200.0,0.0,135.0,3.0,2.0,56.0,0.0,7.0,36.0,26.0,33.0,32.0,1040.0,840.0,1905.0
1544131247.246152,5200.0,0.0,135.0,3.0,2.0,56.0,0.0,7.0,37.0,26.0,33.0,34.0,1040.0,840.0,1905.0
1544131247.347217,5200.0,0.0,135.0,3.0,2.0,56.0,0.0,7.0,38.0,27.0,35.0,33.0,1040.0,840.0,1905.0
1544131247.447269,5200.0,0.0,135.0,3.0,2.0,56.0,0.0,7.0,37.0,26.0,32.0,34.0,1040.0,840.0,1905.0
1544131247.547882,5200.0,0.0,135.0,3.0,2.0,56.0,0.0,7.0,36.0,26.0,33.0,33.0,1040.0,840.0,1905.0
1544131247.648495,5200.0,0.0,135.0,3.0,2.0,56.0,0.0,7.0,37.0,27.0,34.0,33.0,1040.0,840.0,1905.0
1544131247.749122,5200.0,0.0,135.0,3.0,2.0,56.0,0.0,7.0,37.0,26.0,34.0,33.0,1040.0,840.0,1905.0
1544131247.849729,5200.0,0.0,135.0,3.0,2.0,56.0,0.0,7.0,36.0,26.0,32.0,32.0,1040.0,840.0,1905.0
1544131247.950344,5200.0,0.0,135.0,3.0,2.0,56.0,0.0,7.0,36.0,25.0,33.0,32.0,1040.0,840.0,1905.0
1544131248.05097,5200.0,0.0,135.0,3.0,2.0,56.0,0.0,7.0,36.0,26.0,33.0,32.0,1040.0,840.0,1905.0
1544131248.151628,5200.0,0.0,135.0,3.0,2.0,56.0,0.0,7.0,37.0,25.0,33.0,33.0,1040.0,840.0,1905.0
1544131248.252242,5200.0,0.0,135.0,3.0,2.0,56.0,0.0,7.0,37.0,25.0,34.0,33.0,1040.0,840.0,1905.0
1544131248.352856,5200.0,0.0,135.0,3.0,2.0,56.0,0.0,7.0,35.0,26.0,31.0,31.0,1040.0,840.0,1905.0
1544131248.554813,5200.0,0.0,135.0,3.0,2.0,56.0,0.0,7.0,37.0,27.0,33.0,33.0,1040.0,840.0,1905.0
1544131248.655425,5200.0,0.0,135.0,3.0,2.0,56.0,0.0,7.0,38.0,28.0,33.0,35.0,1040.0,840.0,1905.0
1544131248.756053,5200.0,0.0,135.0,3.0,2.0,56.0,0.0,7.0,36.0,25.0,32.0,33.0,1040.0,840.0,1905.0
1544131248.85668,5200.0,0.0,135.0,3.0,2.0,56.0,0.0,7.0,37.0,26.0,34.0,33.0,1040.0,840.0,1905.0
1544131248.957266,5200.0,0.0,135.0,3.0,2.0,56.0,0.0,7.0,37.0,26.0,33.0,33.0,1040.0,840.0,1905.0
1544131249.057883,5200.0,0.0,135.0,3.0,2.0,56.0,0.0,7.0,37.0,25.0,33.0,33.0,1040.0,840.0,1905.0
1544131249.158475,5200.0,0.0,135.0,3.0,2.0,56.0,0.0,7.0,35.0,26.0,32.0,31.0,1040.0,840.0,1905.0
1544131249.259087,5200.0,0.0,135.0,3.0,2.0,56.0,0.0,7.0,35.0,26.0,31.0,31.0,1040.0,840.0,1905.0
1544131249.359689,5200.0,0.0,135.0,3.0,2.0,56.0,0.0,7.0,36.0,25.0,33.0,32.0,1040.0,840.0,1905.0
1544131249.460302,5200.0,0.0,135.0,3.0,2.0,56.0,0.0,7.0,37.0,26.0,33.0,33.0,1040.0,840.0,1905.0
1544131249.560916,5200.0,0.0,135.0,3.0,2.0,56.0,0.0,7.0,36.0,26.0,31.0,33.0,1040.0,840.0,1905.0
1544131249.661507,5200.0,0.0,135.0,3.0,2.0,56.0,0.0,7.0,35.0,26.0,32.0,31.0,1040.0,840.0,1905.0
1544131249.762122,5200.0,0.0,135.0,3.0,2.0,56.0,0.0,7.0,36.0,26.0,33.0,33.0,1040.0,840.0,1905.0
1544131249.862738,5200.0,0.0,135.0,3.0,2.0,56.0,0.0,7.0,37.0,25.0,34.0,34.0,1040.0,840.0,1905.0
1544131249.963349,5200.0,0.0,135.0,3.0,2.0,56.0,0.0,7.0,36.0,26.0,33.0,32.0,1040.0,840.0,1905.0
1544131250.063983,5200.0,0.0,135.0,3.0,2.0,56.0,0.0,7.0,36.0,26.0,32.0,33.0,1040.0,840.0,1905.0
1544131250.164604,5200.0,0.0,135.0,3.0,2.0,56.0,0.0,7.0,37.0,26.0,35.0,33.0,1040.0,840.0,1905.0
1544131250.265212,5200.0,0.0,135.0,3.0,2.0,56.0,0.0,7.0,37.0,26.0,34.0,33.0,1040.0,840.0,1905.0
1544131250.466472,5200.0,0.0,135.0,3.0,2.0,56.0,0.0,7.0,35.0,26.0,33.0,31.0,1040.0,840.0,1905.0
1544131250.56708,5200.0,0.0,135.0,3.0,2.0,56.0,0.0,7.0,37.0,26.0,34.0,34.0,1040.0,840.0,1905.0
1544131250.667718,5200.0,0.0,135.0,3.0,2.0,56.0,0.0,7.0,37.0,27.0,34.0,33.0,1040.0,840.0,1905.0
1544131250.769045,5200.0,0.0,135.0,3.0,2.0,56.0,0.0,7.0,36.0,26.0,32.0,34.0,1040.0,840.0,1905.0
1544131250.869655,5200.0,0.0,135.0,3.0,2.0,56.0,0.0,7.0,37.0,25.0,34.0,32.0,1040.0,840.0,1905.0
1544131250.970283,5200.0,0.0,135.0,3.0,2.0,56.0,0.0,7.0,36.0,25.0,32.0,33.0,1040.0,840.0,1905.0
1544131251.070899,5200.0,0.0,135.0,3.0,2.0,56.0,0.0,7.0,36.0,24.0,33.0,33.0,1040.0,840.0,1905.0
1544131251.171498,5200.0,0.0,135.0,3.0,2.0,56.0,0.0,7.0,36.0,26.0,32.0,34.0,1040.0,840.0,1905.0
1544131251.272122,5200.0,0.0,135.0,3.0,2.0,56.0,0.0,7.0,37.0,26.0,34.0,34.0,1040.0,840.0,1905.0
1544131251.372732,5200.0,0.0,135.0,3.0,2.0,56.0,0.0,7.0,36.0,26.0,33.0,32.0,1040.0,840.0,1905.0
1544131251.473355,5200.0,0.0,135.0,3.0,2.0,56.0,0.0,7.0,36.0,26.0,32.0,33.0,1040.0,840.0,1905.0
1544131251.573967,5200.0,0.0,135.0,3.0,2.0,56.0,0.0,7.0,35.0,25.0,32.0,32.0,1040.0,840.0,1905.0
1544131251.674593,5200.0,0.0,135.0,3.0,2.0,56.0,0.0,7.0,37.0,26.0,34.0,33.0,1040.0,840.0,1905.0
1544131251.775208,5200.0,0.0,135.0,3.0,2.0,56.0,0.0,7.0,36.0,26.0,33.0,32.0,1040.0,840.0,1905.0
1544131251.875832,5200.0,0.0,135.0,3.0,2.0,56.0,0.0,7.0,37.0,26.0,34.0,33.0,1040.0,840.0,1905.0
1544131251.976436,5200.0,0.0,135.0,3.0,2.0,56.0,0.0,7.0,35.0,26.0,32.0,32.0,1040.0,840.0,1905.0
1544131252.077062,5200.0,0.0,135.0,3.0,2.0,56.0,0.0,7.0,35.0,26.0,32.0,31.0,1040.0,840.0,1905.0
1544131252.177701,5200.0,0.0,135.0,3.0,2.0,56.0,0.0,7.0,37.0,26.0,34.0,33.0,1040.0,840.0,1905.0
1544131252.278308,5200.0,0.0,135.0,3.0,2.0,56.0,0.0,7.0,36.0,27.0,33.0,32.0,1040.0,840.0,1905.0
1544131252.479546,5200.0,0.0,135.0,3.0,2.0,56.0,0.0,7.0,37.0,26.0,34.0,34.0,1040.0,840.0,1905.0
1544131252.580158,5200.0,0.0,135.0,3.0,2.0,56.0,0.0,7.0,36.0,26.0,32.0,32.0,1040.0,840.0,1905.0
1544131252.680777,5200.0,0.0,135.0,3.0,2.0,56.0,0.0,7.0,37.0,27.0,34.0,33.0,1040.0,840.0,1905.0
1544131252.781427,5200.0,0.0,135.0,3.0,2.0,56.0,0.0,7.0,36.0,26.0,33.0,31.0,1040.0,840.0,1905.0
1544131252.882071,5200.0,0.0,135.0,3.0,2.0,56.0,0.0,7.0,37.0,26.0,34.0,32.0,1040.0,840.0,1905.0
1544131252.98275,5200.0,0.0,135.0,3.0,2.0,56.0,0.0,7.0,36.0,26.0,32.0,33.0,1040.0,840.0,1905.0
1544131253.083332,5200.0,0.0,135.0,3.0,2.0,56.0,0.0,7.0,35.0,25.0,32.0,32.0,1040.0,840.0,1905.0
1544131253.184652,5200.0,0.0,135.0,3.0,2.0,56.0,0.0,7.0,37.0,25.0,34.0,33.0,1040.0,840.0,1905.0
1544131253.286396,5200.0,0.0,135.0,3.0,2.0,56.0,0.0,7.0,38.0,26.0,35.0,34.0,1040.0,840.0,1905.0
1544131253.385745,5200.0,0.0,135.0,3.0,2.0,56.0,0.0,7.0,37.0,25.0,34.0,34.0,1040.0,840.0,1905.0
1544131253.486359,5200.0,0.0,135.0,3.0,2.0,56.0,0.0,7.0,38.0,26.0,35.0,34.0,1040.0,840.0,1905.0
1544131253.58703,5200.0,0.0,135.0,3.0,2.0,56.0,0.0,7.0,36.0,26.0,32.0,33.0,1040.0,840.0,1905.0
1544131253.687653,5200.0,0.0,135.0,3.0,2.0,56.0,0.0,7.0,35.0,26.0,32.0,31.0,1040.0,840.0,1905.0
1544131253.788286,5200.0,0.0,135.0,3.0,2.0,56.0,0.0,7.0,36.0,25.0,34.0,32.0,1040.0,840.0,1905.0
1544131253.888904,5200.0,0.0,135.0,3.0,2.0,56.0,0.0,7.0,36.0,25.0,34.0,32.0,1040.0,840.0,1905.0
1544131253.989509,5200.0,0.0,135.0,3.0,2.0,56.0,0.0,7.0,37.0,27.0,33.0,34.0,1040.0,840.0,1905.0
1544131254.09013,5200.0,0.0,135.0,3.0,2.0,56.0,0.0,7.0,37.0,25.0,34.0,33.0,1040.0,840.0,1905.0
1544131254.19074,5200.0,0.0,135.0,3.0,2.0,56.0,0.0,7.0,36.0,26.0,33.0,32.0,1040.0,840.0,1905.0
1544131254.392016,5200.0,0.0,135.0,3.0,2.0,56.0,0.0,7.0,36.0,26.0,32.0,32.0,1040.0,840.0,1905.0
1544131254.492626,5200.0,0.0,135.0,3.0,2.0,56.0,0.0,7.0,35.0,25.0,32.0,31.0,1040.0,840.0,1905.0
1544131254.593257,5200.0,0.0,135.0,3.0,2.0,56.0,0.0,7.0,36.0,26.0,32.0,33.0,1040.0,840.0,1905.0
1544131254.693874,5200.0,0.0,135.0,3.0,2.0,56.0,0.0,7.0,35.0,25.0,32.0,31.0,1040.0,840.0,1905.0
1544131254.794479,5200.0,0.0,135.0,3.0,2.0,56.0,0.0,7.0,36.0,26.0,34.0,32.0,1040.0,840.0,1905.0
1544131254.895093,5200.0,0.0,135.0,3.0,2.0,56.0,0.0,7.0,37.0,27.0,34.0,34.0,1040.0,840.0,1905.0
1544131254.995705,5200.0,0.0,135.0,3.0,2.0,56.0,0.0,7.0,38.0,26.0,35.0,33.0,1040.0,840.0,1905.0
1544131255.096329,5200.0,0.0,135.0,3.0,2.0,56.0,0.0,7.0,36.0,26.0,34.0,32.0,1040.0,840.0,1905.0
1544131255.196961,5200.0,0.0,135.0,3.0,2.0,56.0,0.0,7.0,36.0,27.0,33.0,33.0,1040.0,840.0,1905.0
1544131255.297566,5200.0,0.0,135.0,3.0,2.0,56.0,0.0,7.0,36.0,26.0,31.0,33.0,1040.0,840.0,1905.0
1544131255.398169,5200.0,0.0,135.0,3.0,2.0,56.0,0.0,7.0,36.0,26.0,34.0,31.0,1040.0,840.0,1905.0
1544131255.499509,5200.0,0.0,135.0,3.0,2.0,56.0,0.0,7.0,35.0,27.0,32.0,31.0,1040.0,840.0,1905.0
1544131255.60013,5200.0,0.0,135.0,3.0,2.0,56.0,0.0,7.0,37.0,25.0,34.0,33.0,1040.0,840.0,1905.0
1544131255.700754,5200.0,0.0,135.0,3.0,2.0,56.0,0.0,7.0,35.0,27.0,32.0,32.0,1040.0,840.0,1905.0
1544131255.801354,5200.0,0.0,135.0,3.0,2.0,56.0,0.0,7.0,36.0,25.0,33.0,32.0,1040.0,840.0,1905.0
1544131255.902012,5200.0,0.0,135.0,3.0,2.0,56.0,0.0,7.0,37.0,26.0,34.0,33.0,1040.0,840.0,1905.0
1544131256.002606,5200.0,0.0,135.0,3.0,2.0,56.0,0.0,7.0,36.0,26.0,33.0,32.0,1040.0,840.0,1905.0
1544131256.103235,5200.0,0.0,135.0,3.0,2.0,56.0,0.0,7.0,36.0,26.0,32.0,32.0,1040.0,840.0,1905.0
1544131256.203844,5200.0,0.0,135.0,3.0,2.0,56.0,0.0,7.0,37.0,26.0,34.0,33.0,1040.0,840.0,1905.0
1544131256.304465,5200.0,0.0,135.0,3.0,2.0,56.0,0.0,7.0,37.0,26.0,34.0,33.0,1040.0,840.0,1905.0
1544131256.505566,5200.0,0.0,135.0,3.0,2.0,56.0,0.0,7.0,37.0,26.0,34.0,33.0,1040.0,840.0,1905.0
1544131256.606208,5200.0,0.0,135.0,3.0,2.0,56.0,0.0,7.0,36.0,26.0,33.0,32.0,1040.0,840.0,1905.0
1544131256.70683,5200.0,0.0,135.0,3.0,2.0,56.0,0.0,7.0,36.0,25.0,33.0,32.0,1040.0,840.0,1905.0
1544131256.807434,5200.0,0.0,135.0,3.0,2.0,56.0,0.0,7.0,36.0,26.0,33.0,33.0,1040.0,840.0,1905.0
1544131256.908048,5200.0,0.0,135.0,3.0,2.0,56.0,0.0,7.0,36.0,26.0,31.0,33.0,1040.0,840.0,1905.0
1544131257.008662,5200.0,0.0,135.0,3.0,2.0,56.0,0.0,7.0,36.0,26.0,34.0,32.0,1040.0,840.0,1905.0
1544131257.109277,5200.0,0.0,135.0,3.0,2.0,56.0,0.0,7.0,37.0,25.0,34.0,33.0,1040.0,840.0,1905.0
1544131257.209893,5200.0,0.0,135.0,3.0,2.0,56.0,0.0,7.0,37.0,27.0,34.0,34.0,1040.0,840.0,1905.0
1544131257.310515,5200.0,0.0,135.0,3.0,2.0,56.0,0.0,7.0,36.0,25.0,33.0,32.0,1040.0,840.0,1905.0
1544131257.411121,5200.0,0.0,135.0,3.0,2.0,56.0,0.0,7.0,35.0,25.0,32.0,32.0,1040.0,840.0,1905.0
1544131257.511822,5200.0,0.0,135.0,3.0,2.0,56.0,0.0,7.0,35.0,24.0,32.0,32.0,1040.0,840.0,1905.0
1544131257.612436,5200.0,0.0,135.0,3.0,2.0,56.0,0.0,7.0,37.0,26.0,33.0,33.0,1040.0,840.0,1905.0
1544131257.713058,5200.0,0.0,135.0,3.0,2.0,56.0,0.0,7.0,37.0,26.0,35.0,32.0,1040.0,840.0,1905.0
1544131257.813664,5200.0,0.0,135.0,3.0,2.0,56.0,0.0,7.0,36.0,25.0,33.0,33.0,1040.0,840.0,1905.0
1544131257.914996,5200.0,0.0,135.0,3.0,2.0,56.0,0.0,7.0,36.0,25.0,32.0,33.0,1040.0,840.0,1905.0
1544131258.015612,5200.0,0.0,135.0,3.0,2.0,56.0,0.0,7.0,36.0,26.0,33.0,33.0,1040.0,840.0,1905.0
1544131258.116228,5200.0,0.0,135.0,3.0,2.0,56.0,0.0,7.0,36.0,26.0,32.0,32.0,1040.0,840.0,1905.0
1544131258.21691,5200.0,0.0,135.0,3.0,2.0,56.0,0.0,7.0,36.0,25.0,34.0,32.0,1040.0,840.0,1905.0
1544131258.317473,5200.0,0.0,135.0,3.0,2.0,56.0,0.0,7.0,37.0,26.0,35.0,33.0,1040.0,840.0,1905.0
1544131258.418079,5200.0,0.0,135.0,3.0,2.0,56.0,0.0,7.0,37.0,26.0,34.0,33.0,1040.0,840.0,1905.0
1544131258.619326,5200.0,0.0,135.0,3.0,2.0,56.0,0.0,7.0,37.0,26.0,34.0,34.0,1040.0,840.0,1905.0
1544131258.719952,5200.0,0.0,135.0,3.0,2.0,56.0,0.0,7.0,36.0,26.0,32.0,32.0,1040.0,840.0,1905.0
1544131258.820574,5200.0,0.0,135.0,3.0,2.0,56.0,0.0,7.0,37.0,26.0,34.0,32.0,1040.0,840.0,1905.0
1544131258.921192,5200.0,0.0,135.0,3.0,2.0,56.0,0.0,7.0,36.0,26.0,33.0,33.0,1040.0,840.0,1905.0
1544131259.021891,5200.0,0.0,135.0,3.0,2.0,56.0,0.0,7.0,37.0,27.0,35.0,33.0,1040.0,840.0,1905.0
1544131259.123144,5200.0,0.0,135.0,3.0,2.0,56.0,0.0,7.0,38.0,28.0,34.0,34.0,1040.0,840.0,1905.0
1544131259.223104,5200.0,0.0,135.0,3.0,2.0,56.0,0.0,7.0,37.0,27.0,33.0,34.0,1040.0,840.0,1905.0
1544131259.323615,5200.0,0.0,135.0,3.0,2.0,56.0,0.0,7.0,36.0,27.0,32.0,32.0,1040.0,840.0,1905.0
1544131259.424235,5200.0,0.0,135.0,3.0,2.0,56.0,0.0,7.0,37.0,26.0,34.0,33.0,1040.0,840.0,1905.0
1544131259.524851,5200.0,0.0,135.0,3.0,2.0,56.0,0.0,7.0,38.0,27.0,34.0,35.0,1040.0,840.0,1905.0
1544131259.625486,5200.0,0.0,135.0,3.0,2.0,56.0,0.0,7.0,36.0,26.0,32.0,32.0,1040.0,840.0,1905.0
1544131259.72611,5200.0,0.0,135.0,3.0,2.0,56.0,0.0,7.0,37.0,26.0,34.0,33.0,1040.0,840.0,1905.0
1544131259.826729,5200.0,0.0,135.0,3.0,2.0,56.0,0.0,7.0,36.0,26.0,32.0,33.0,1040.0,840.0,1905.0
1544131259.927327,5200.0,0.0,135.0,3.0,2.0,56.0,0.0,7.0,36.0,26.0,32.0,33.0,1040.0,840.0,1905.0
1544131260.027951,5200.0,0.0,135.0,3.0,2.0,56.0,0.0,7.0,38.0,26.0,35.0,34.0,1040.0,840.0,1905.0
1544131260.128546,5200.0,0.0,135.0,3.0,2.0,56.0,0.0,7.0,36.0,26.0,34.0,31.0,1040.0,840.0,1905.0
1544131260.229871,5200.0,0.0,135.0,3.0,2.0,56.0,0.0,7.0,37.0,25.0,34.0,33.0,1040.0,840.0,1905.0
1544131260.330518,5200.0,0.0,135.0,3.0,2.0,56.0,0.0,7.0,36.0,25.0,33.0,32.0,1040.0,840.0,1905.0
1544131260.431124,5200.0,0.0,135.0,3.0,2.0,56.0,0.0,7.0,38.0,26.0,35.0,34.0,1040.0,840.0,1905.0
1544131260.531802,5200.0,0.0,135.0,3.0,2.0,56.0,0.0,7.0,36.0,27.0,33.0,32.0,1040.0,840.0,1905.0
1544131260.733028,5200.0,0.0,135.0,3.0,2.0,56.0,0.0,7.0,35.0,25.0,32.0,31.0,1040.0,840.0,1905.0
1544131260.833662,5200.0,0.0,135.0,3.0,2.0,56.0,0.0,7.0,36.0,26.0,33.0,33.0,1040.0,840.0,1905.0
1544131260.93427,5200.0,0.0,135.0,3.0,2.0,56.0,0.0,7.0,37.0,25.0,33.0,33.0,1040.0,840.0,1905.0
1544131261.03488,5200.0,0.0,135.0,3.0,2.0,56.0,0.0,7.0,37.0,26.0,33.0,33.0,1040.0,840.0,1905.0
1544131261.135514,5200.0,0.0,135.0,3.0,2.0,56.0,0.0,7.0,37.0,26.0,34.0,33.0,1040.0,840.0,1905.0
1544131261.236142,5200.0,0.0,135.0,3.0,2.0,56.0,0.0,7.0,36.0,26.0,32.0,33.0,1040.0,840.0,1905.0
1544131261.336778,5200.0,0.0,135.0,3.0,2.0,56.0,0.0,7.0,37.0,26.0,34.0,34.0,1040.0,840.0,1905.0
1544131261.437382,5200.0,0.0,135.0,3.0,2.0,56.0,0.0,7.0,36.0,26.0,32.0,33.0,1040.0,840.0,1905.0
1544131261.537994,5200.0,0.0,135.0,3.0,2.0,56.0,0.0,7.0,35.0,26.0,33.0,31.0,1040.0,840.0,1905.0
1544131261.638613,5200.0,0.0,135.0,3.0,2.0,56.0,0.0,7.0,35.0,26.0,31.0,32.0,1040.0,840.0,1905.0
1544131261.73923,5200.0,0.0,135.0,3.0,2.0,56.0,0.0,7.0,35.0,26.0,32.0,31.0,1040.0,840.0,1905.0
1544131261.839842,5200.0,0.0,135.0,3.0,2.0,56.0,0.0,7.0,36.0,26.0,33.0,31.0,1040.0,840.0,1905.0
1544131261.940474,5200.0,0.0,135.0,3.0,2.0,56.0,0.0,7.0,37.0,25.0,34.0,33.0,1040.0,840.0,1905.0
1544131262.041085,5200.0,0.0,135.0,3.0,2.0,56.0,0.0,7.0,35.0,25.0,32.0,31.0,1040.0,840.0,1905.0
1544131262.141758,5200.0,0.0,135.0,3.0,2.0,56.0,0.0,7.0,36.0,25.0,33.0,33.0,1040.0,840.0,1905.0
1544131262.24237,5200.0,0.0,135.0,3.0,2.0,56.0,0.0,7.0,37.0,26.0,35.0,33.0,1040.0,840.0,1905.0
1544131262.343006,5200.0,0.0,135.0,3.0,2.0,56.0,0.0,7.0,36.0,26.0,32.0,32.0,1040.0,840.0,1905.0
1544131262.443607,5200.0,0.0,135.0,3.0,2.0,56.0,0.0,7.0,36.0,25.0,32.0,33.0,1040.0,840.0,1905.0
1544131262.544234,5200.0,0.0,135.0,3.0,2.0,56.0,0.0,7.0,35.0,26.0,32.0,32.0,1040.0,840.0,1905.0
1544131262.746205,5200.0,0.0,135.0,3.0,2.0,56.0,0.0,7.0,37.0,26.0,34.0,33.0,1040.0,840.0,1905.0
1544131262.846868,5200.0,0.0,135.0,3.0,2.0,56.0,0.0,7.0,36.0,26.0,33.0,31.0,1040.0,840.0,1905.0
1544131262.947442,5200.0,0.0,135.0,3.0,2.0,56.0,0.0,7.0,38.0,27.0,35.0,33.0,1040.0,840.0,1905.0
1544131263.048049,5200.0,0.0,135.0,3.0,2.0,56.0,0.0,7.0,35.0,25.0,32.0,31.0,1040.0,840.0,1905.0
1544131263.148664,5200.0,0.0,135.0,3.0,2.0,56.0,0.0,7.0,38.0,27.0,35.0,34.0,1040.0,840.0,1905.0
1544131263.249283,5200.0,0.0,135.0,3.0,2.0,56.0,0.0,7.0,36.0,26.0,33.0,32.0,1040.0,840.0,1905.0
1544131263.349894,5200.0,0.0,135.0,3.0,2.0,56.0,0.0,7.0,36.0,25.0,31.0,33.0,1040.0,840.0,1905.0
1544131263.450516,5200.0,0.0,135.0,3.0,2.0,56.0,0.0,7.0,37.0,27.0,34.0,33.0,1040.0,840.0,1905.0
1544131263.551128,5200.0,0.0,135.0,3.0,2.0,56.0,0.0,7.0,36.0,25.0,33.0,33.0,1040.0,840.0,1905.0
1544131263.651851,5200.0,0.0,135.0,3.0,2.0,56.0,0.0,7.0,36.0,26.0,33.0,33.0,1040.0,840.0,1905.0
1544131263.752461,5200.0,0.0,135.0,3.0,2.0,56.0,0.0,7.0,35.0,26.0,32.0,31.0,1040.0,840.0,1905.0
1544131263.853078,5200.0,0.0,135.0,3.0,2.0,56.0,0.0,7.0,38.0,26.0,36.0,34.0,1040.0,840.0,1905.0
1544131263.953696,5200.0,0.0,135.0,3.0,2.0,56.0,0.0,7.0,37.0,27.0,32.0,34.0,1040.0,840.0,1905.0
1544131264.054304,5200.0,0.0,135.0,3.0,2.0,56.0,0.0,7.0,36.0,26.0,32.0,33.0,1040.0,840.0,1905.0
1544131264.154915,5200.0,0.0,135.0,3.0,2.0,56.0,0.0,7.0,37.0,25.0,34.0,32.0,1040.0,840.0,1905.0
1544131264.255542,5200.0,0.0,135.0,3.0,2.0,56.0,0.0,7.0,35.0,26.0,32.0,31.0,1040.0,840.0,1905.0
1544131264.356153,5200.0,0.0,135.0,3.0,2.0,56.0,0.0,7.0,35.0,26.0,31.0,31.0,1040.0,840.0,1905.0
1544131264.456813,5200.0,0.0,135.0,3.0,2.0,56.0,0.0,7.0,37.0,26.0,34.0,33.0,1040.0,840.0,1905.0
1544131264.658007,5200.0,0.0,135.0,3.0,2.0,56.0,0.0,7.0,35.0,26.0,32.0,30.0,1040.0,840.0,1905.0
1544131264.758632,5200.0,0.0,135.0,3.0,2.0,56.0,0.0,7.0,35.0,26.0,32.0,31.0,1040.0,840.0,1905.0
1544131264.859257,5200.0,0.0,135.0,3.0,2.0,56.0,0.0,7.0,36.0,26.0,33.0,31.0,1040.0,840.0,1905.0
1544131264.960576,5200.0,0.0,135.0,3.0,2.0,56.0,0.0,7.0,37.0,26.0,33.0,33.0,1040.0,840.0,1905.0
1544131265.062279,5200.0,0.0,135.0,3.0,2.0,56.0,0.0,7.0,37.0,28.0,34.0,32.0,1040.0,840.0,1905.0
1544131265.161722,5200.0,0.0,135.0,3.0,2.0,56.0,0.0,7.0,37.0,25.0,33.0,34.0,1040.0,840.0,1905.0
1544131265.262341,5200.0,0.0,135.0,3.0,2.0,56.0,0.0,7.0,37.0,26.0,34.0,34.0,1040.0,840.0,1905.0
1544131265.362965,5200.0,0.0,135.0,3.0,2.0,56.0,0.0,7.0,36.0,27.0,32.0,33.0,1040.0,840.0,1905.0
1544131265.463658,5200.0,0.0,135.0,3.0,2.0,56.0,0.0,7.0,36.0,26.0,31.0,33.0,1040.0,840.0,1905.0
1544131265.56421,5200.0,0.0,135.0,3.0,2.0,56.0,0.0,7.0,37.0,25.0,34.0,32.0,1040.0,840.0,1905.0
1544131265.664848,5200.0,0.0,135.0,3.0,2.0,56.0,0.0,7.0,35.0,26.0,32.0,32.0,1040.0,840.0,1905.0
1544131265.765471,5200.0,0.0,135.0,3.0,2.0,56.0,0.0,7.0,37.0,26.0,34.0,34.0,1040.0,840.0,1905.0
1544131265.866077,5200.0,0.0,135.0,3.0,2.0,56.0,0.0,7.0,36.0,26.0,32.0,33.0,1040.0,840.0,1905.0
1544131265.966738,5200.0,0.0,135.0,3.0,2.0,56.0,0.0,7.0,37.0,26.0,34.0,33.0,1040.0,840.0,1905.0
1544131266.067309,5200.0,0.0,135.0,3.0,2.0,56.0,0.0,7.0,37.0,27.0,35.0,32.0,1040.0,840.0,1905.0
1544131266.167925,5200.0,0.0,135.0,3.0,2.0,56.0,0.0,7.0,36.0,25.0,33.0,32.0,1040.0,840.0,1905.0
1544131266.268544,5200.0,0.0,135.0,3.0,2.0,56.0,0.0,7.0,38.0,26.0,34.0,34.0,1040.0,840.0,1905.0
1544131266.369156,5200.0,0.0,135.0,3.0,2.0,56.0,0.0,7.0,36.0,26.0,32.0,32.0,1040.0,840.0,1905.0
1544131266.469773,5200.0,0.0,135.0,3.0,2.0,56.0,0.0,7.0,37.0,26.0,34.0,33.0,1040.0,840.0,1905.0
1544131266.671015,5200.0,0.0,135.0,3.0,2.0,56.0,0.0,7.0,36.0,25.0,32.0,32.0,1040.0,840.0,1905.0
1544131266.771646,5200.0,0.0,135.0,3.0,2.0,56.0,0.0,7.0,36.0,26.0,32.0,32.0,1040.0,840.0,1905.0
1544131266.872258,5200.0,0.0,135.0,3.0,2.0,56.0,0.0,7.0,36.0,26.0,34.0,31.0,1040.0,840.0,1905.0
1544131266.972879,5200.0,0.0,135.0,3.0,2.0,56.0,0.0,7.0,36.0,26.0,33.0,32.0,1040.0,840.0,1905.0
1544131267.073509,5200.0,0.0,135.0,3.0,2.0,56.0,0.0,7.0,36.0,27.0,34.0,32.0,1040.0,840.0,1905.0
1544131267.174117,5200.0,0.0,135.0,3.0,2.0,56.0,0.0,7.0,35.0,26.0,31.0,32.0,1040.0,840.0,1905.0
1544131267.274742,5200.0,0.0,135.0,3.0,2.0,56.0,0.0,7.0,36.0,25.0,32.0,32.0,1040.0,840.0,1905.0
1544131267.376067,5200.0,0.0,135.0,3.0,2.0,56.0,0.0,7.0,37.0,25.0,33.0,34.0,1040.0,840.0,1905.0
1544131267.476725,5200.0,0.0,135.0,3.0,2.0,56.0,0.0,7.0,36.0,25.0,34.0,31.0,1040.0,840.0,1905.0
1544131267.577294,5200.0,0.0,135.0,3.0,2.0,56.0,0.0,7.0,37.0,27.0,34.0,33.0,1040.0,840.0,1905.0
1544131267.677937,5200.0,0.0,135.0,3.0,2.0,56.0,0.0,7.0,36.0,26.0,32.0,32.0,1040.0,840.0,1905.0
1544131267.778535,5200.0,0.0,135.0,3.0,2.0,56.0,0.0,7.0,36.0,26.0,33.0,33.0,1040.0,840.0,1905.0
1544131267.879149,5200.0,0.0,135.0,3.0,2.0,56.0,0.0,7.0,37.0,25.0,34.0,32.0,1040.0,840.0,1905.0
1544131267.979772,5200.0,0.0,135.0,3.0,2.0,56.0,0.0,7.0,35.0,25.0,33.0,31.0,1040.0,840.0,1905.0
1544131268.080397,5200.0,0.0,135.0,3.0,2.0,56.0,0.0,7.0,35.0,25.0,32.0,32.0,1040.0,840.0,1905.0
1544131268.180987,5200.0,0.0,135.0,3.0,2.0,56.0,0.0,7.0,35.0,26.0,31.0,31.0,1040.0,840.0,1905.0
1544131268.281614,5200.0,0.0,135.0,3.0,2.0,56.0,0.0,7.0,36.0,26.0,33.0,31.0,1040.0,840.0,1905.0
1544131268.382229,5200.0,0.0,135.0,3.0,2.0,56.0,0.0,7.0,37.0,26.0,34.0,32.0,1040.0,840.0,1905.0
1544131268.583909,5200.0,0.0,135.0,3.0,2.0,56.0,0.0,7.0,37.0,25.0,34.0,33.0,1040.0,840.0,1905.0
1544131268.684527,5200.0,0.0,135.0,3.0,2.0,56.0,0.0,7.0,36.0,25.0,34.0,32.0,1040.0,840.0,1905.0
1544131268.785155,5200.0,0.0,135.0,3.0,2.0,56.0,0.0,7.0,36.0,26.0,33.0,32.0,1040.0,840.0,1905.0
1544131268.885778,5200.0,0.0,135.0,3.0,2.0,56.0,0.0,7.0,36.0,25.0,34.0,32.0,1040.0,840.0,1905.0
1544131268.986378,5200.0,0.0,135.0,3.0,2.0,56.0,0.0,7.0,36.0,26.0,33.0,31.0,1040.0,840.0,1905.0
1544131269.087008,5200.0,0.0,135.0,3.0,2.0,56.0,0.0,7.0,37.0,26.0,34.0,33.0,1040.0,840.0,1905.0
1544131269.187611,5200.0,0.0,135.0,3.0,2.0,56.0,0.0,7.0,37.0,26.0,34.0,34.0,1040.0,840.0,1905.0
1544131269.288227,5200.0,0.0,135.0,3.0,2.0,56.0,0.0,7.0,36.0,26.0,33.0,33.0,1040.0,840.0,1905.0
1544131269.388851,5200.0,0.0,135.0,3.0,2.0,56.0,0.0,7.0,36.0,26.0,31.0,34.0,1040.0,840.0,1905.0
1544131269.489469,5200.0,0.0,135.0,3.0,2.0,56.0,0.0,7.0,36.0,26.0,34.0,32.0,1040.0,840.0,1905.0
1544131269.590092,5200.0,0.0,135.0,3.0,2.0,56.0,0.0,7.0,37.0,27.0,34.0,33.0,1040.0,840.0,1905.0
1544131269.69142,5200.0,0.0,135.0,3.0,2.0,56.0,0.0,7.0,35.0,25.0,31.0,31.0,1040.0,840.0,1905.0
1544131269.792117,5200.0,0.0,135.0,3.0,2.0,56.0,0.0,7.0,37.0,26.0,33.0,33.0,1040.0,840.0,1905.0
1544131269.892727,5200.0,0.0,135.0,3.0,2.0,56.0,0.0,7.0,36.0,26.0,33.0,33.0,1040.0,840.0,1905.0
1544131269.993349,5200.0,0.0,135.0,3.0,2.0,56.0,0.0,7.0,36.0,25.0,32.0,33.0,1040.0,840.0,1905.0
1544131270.093967,5200.0,0.0,135.0,3.0,2.0,56.0,0.0,7.0,37.0,26.0,33.0,33.0,1040.0,840.0,1905.0
1544131270.194582,5200.0,0.0,135.0,3.0,2.0,56.0,0.0,7.0,36.0,26.0,32.0,33.0,1040.0,840.0,1905.0
1544131270.295193,5200.0,0.0,135.0,3.0,2.0,56.0,0.0,7.0,35.0,26.0,32.0,32.0,1040.0,840.0,1905.0
1544131270.395812,5200.0,0.0,135.0,3.0,2.0,56.0,0.0,7.0,36.0,28.0,32.0,33.0,1040.0,840.0,1905.0
1544131270.597058,5200.0,0.0,135.0,3.0,2.0,56.0,0.0,7.0,37.0,26.0,34.0,33.0,1040.0,840.0,1905.0
1544131270.69768,5200.0,0.0,135.0,3.0,2.0,56.0,0.0,7.0,36.0,27.0,32.0,33.0,1040.0,840.0,1905.0
1544131270.798302,5200.0,0.0,135.0,3.0,2.0,56.0,0.0,7.0,36.0,25.0,34.0,32.0,1040.0,840.0,1905.0
1544131270.899053,5200.0,0.0,135.0,3.0,2.0,56.0,0.0,7.0,35.0,25.0,31.0,31.0,1040.0,840.0,1905.0
1544131270.999698,5200.0,0.0,135.0,3.0,2.0,56.0,0.0,7.0,35.0,25.0,32.0,31.0,1040.0,840.0,1905.0
1544131271.100335,5200.0,0.0,135.0,3.0,2.0,56.0,0.0,7.0,37.0,25.0,35.0,32.0,1040.0,840.0,1905.0
1544131271.200945,5200.0,0.0,135.0,3.0,2.0,56.0,0.0,7.0,36.0,26.0,34.0,32.0,1040.0,840.0,1905.0
1544131271.301645,5200.0,0.0,135.0,3.0,2.0,56.0,0.0,7.0,36.0,25.0,34.0,32.0,1040.0,840.0,1905.0
1544131271.402272,5200.0,0.0,135.0,3.0,2.0,56.0,0.0,7.0,37.0,26.0,32.0,34.0,1040.0,840.0,1905.0
1544131271.502884,5200.0,0.0,135.0,3.0,2.0,56.0,0.0,7.0,36.0,26.0,33.0,31.0,1040.0,840.0,1905.0
1544131271.603496,5200.0,0.0,135.0,3.0,2.0,56.0,0.0,7.0,36.0,25.0,34.0,31.0,1040.0,840.0,1905.0
1544131271.704118,5200.0,0.0,135.0,3.0,2.0,56.0,0.0,7.0,37.0,27.0,34.0,33.0,1040.0,840.0,1905.0
1544131271.804741,5200.0,0.0,135.0,3.0,2.0,56.0,0.0,7.0,36.0,25.0,33.0,33.0,1040.0,840.0,1905.0
1544131271.905353,5200.0,0.0,135.0,3.0,2.0,56.0,0.0,7.0,36.0,26.0,33.0,32.0,1040.0,840.0,1905.0
1544131272.00598,5200.0,0.0,135.0,3.0,2.0,56.0,0.0,7.0,37.0,26.0,34.0,33.0,1040.0,840.0,1905.0
1544131272.107311,5200.0,0.0,135.0,3.0,2.0,56.0,0.0,7.0,35.0,26.0,32.0,31.0,1040.0,840.0,1905.0
1544131272.207924,5200.0,0.0,135.0,3.0,2.0,56.0,0.0,7.0,37.0,26.0,34.0,31.0,1040.0,840.0,1905.0
1544131272.308545,5200.0,0.0,135.0,3.0,2.0,56.0,0.0,7.0,37.0,25.0,34.0,33.0,1040.0,840.0,1905.0
1544131272.509763,5200.0,0.0,135.0,3.0,2.0,56.0,0.0,7.0,36.0,26.0,33.0,33.0,1040.0,840.0,1905.0
1544131272.610377,5200.0,0.0,135.0,3.0,2.0,56.0,0.0,7.0,37.0,27.0,35.0,33.0,1040.0,840.0,1905.0
1544131272.711012,5200.0,0.0,135.0,3.0,2.0,56.0,0.0,7.0,37.0,26.0,34.0,32.0,1040.0,840.0,1905.0
1544131272.81164,5200.0,0.0,135.0,3.0,2.0,56.0,0.0,7.0,37.0,27.0,33.0,33.0,1040.0,840.0,1905.0
1544131272.91226,5200.0,0.0,135.0,3.0,2.0,56.0,0.0,7.0,36.0,27.0,33.0,33.0,1040.0,840.0,1905.0
1544131273.012881,5200.0,0.0,135.0,3.0,2.0,56.0,0.0,7.0,35.0,25.0,32.0,31.0,1040.0,840.0,1905.0
1544131273.113473,5200.0,0.0,135.0,3.0,2.0,56.0,0.0,7.0,37.0,26.0,34.0,33.0,1040.0,840.0,1905.0
1544131273.21411,5200.0,0.0,135.0,3.0,2.0,56.0,0.0,7.0,37.0,26.0,34.0,33.0,1040.0,840.0,1905.0
1544131273.314732,5200.0,0.0,135.0,3.0,2.0,56.0,0.0,7.0,37.0,27.0,35.0,32.0,1040.0,840.0,1905.0
1544131273.415327,5200.0,0.0,135.0,3.0,2.0,56.0,0.0,7.0,35.0,25.0,31.0,32.0,1040.0,840.0,1905.0
1544131273.515961,5200.0,0.0,135.0,3.0,2.0,56.0,0.0,7.0,35.0,25.0,32.0,31.0,1040.0,840.0,1905.0
1544131273.616625,5200.0,0.0,135.0,3.0,2.0,56.0,0.0,7.0,38.0,27.0,35.0,33.0,1040.0,840.0,1905.0
1544131273.717176,5200.0,0.0,135.0,3.0,2.0,56.0,0.0,7.0,36.0,25.0,33.0,33.0,1040.0,840.0,1905.0
1544131273.817789,5200.0,0.0,135.0,3.0,2.0,56.0,0.0,7.0,36.0,25.0,32.0,32.0,1040.0,840.0,1905.0
1544131273.918419,5200.0,0.0,135.0,3.0,2.0,56.0,0.0,7.0,37.0,27.0,33.0,33.0,1040.0,840.0,1905.0
1544131274.019033,5200.0,0.0,135.0,3.0,2.0,56.0,0.0,7.0,37.0,26.0,34.0,33.0,1040.0,840.0,1905.0
1544131274.119657,5200.0,0.0,135.0,3.0,2.0,56.0,0.0,7.0,36.0,25.0,33.0,33.0,1040.0,840.0,1905.0
1544131274.220272,5200.0,0.0,135.0,3.0,2.0,56.0,0.0,7.0,35.0,26.0,32.0,31.0,1040.0,840.0,1905.0
1544131274.320898,5200.0,0.0,135.0,3.0,2.0,56.0,0.0,7.0,37.0,27.0,33.0,33.0,1040.0,840.0,1905.0
1544131274.522921,5200.0,0.0,135.0,3.0,2.0,56.0,0.0,7.0,35.0,26.0,31.0,32.0,1040.0,840.0,1905.0
1544131274.623536,5200.0,0.0,135.0,3.0,2.0,56.0,0.0,7.0,35.0,26.0,32.0,32.0,1040.0,840.0,1905.0
1544131274.724161,5200.0,0.0,135.0,3.0,2.0,56.0,0.0,7.0,36.0,26.0,33.0,32.0,1040.0,840.0,1905.0
1544131274.824776,5200.0,0.0,135.0,3.0,2.0,56.0,0.0,7.0,37.0,26.0,34.0,34.0,1040.0,840.0,1905.0
1544131274.925393,5200.0,0.0,135.0,3.0,2.0,56.0,0.0,7.0,39.0,28.0,36.0,35.0,1040.0,840.0,1905.0
1544131275.026007,5200.0,0.0,135.0,3.0,2.0,56.0,0.0,7.0,35.0,26.0,32.0,31.0,1040.0,840.0,1905.0
1544131275.126655,5200.0,0.0,135.0,3.0,2.0,56.0,0.0,7.0,37.0,25.0,34.0,33.0,1040.0,840.0,1905.0
1544131275.227244,5200.0,0.0,135.0,3.0,2.0,56.0,0.0,7.0,37.0,25.0,34.0,33.0,1040.0,840.0,1905.0
1544131275.327858,5200.0,0.0,135.0,3.0,2.0,56.0,0.0,7.0,36.0,26.0,31.0,33.0,1040.0,840.0,1905.0
1544131275.428474,5200.0,0.0,135.0,3.0,2.0,56.0,0.0,7.0,36.0,26.0,34.0,31.0,1040.0,840.0,1905.0
1544131275.529095,5200.0,0.0,135.0,3.0,2.0,56.0,0.0,7.0,36.0,25.0,32.0,33.0,1040.0,840.0,1905.0
1544131275.629716,5200.0,0.0,135.0,3.0,2.0,56.0,0.0,7.0,37.0,26.0,32.0,34.0,1040.0,840.0,1905.0
1544131275.730325,5200.0,0.0,135.0,3.0,2.0,56.0,0.0,7.0,35.0,27.0,31.0,31.0,1040.0,840.0,1905.0
1544131275.830948,5200.0,0.0,135.0,3.0,2.0,56.0,0.0,7.0,36.0,26.0,32.0,33.0,1040.0,840.0,1905.0
1544131275.931598,5200.0,0.0,135.0,3.0,2.0,56.0,0.0,7.0,36.0,26.0,32.0,33.0,1040.0,840.0,1905.0
1544131276.032257,5200.0,0.0,135.0,3.0,2.0,56.0,0.0,7.0,37.0,27.0,33.0,33.0,1040.0,840.0,1905.0
1544131276.132882,5200.0,0.0,135.0,3.0,2.0,56.0,0.0,7.0,34.0,25.0,31.0,30.0,1040.0,840.0,1905.0
1544131276.233491,5200.0,0.0,135.0,3.0,2.0,56.0,0.0,7.0,36.0,26.0,34.0,31.0,1040.0,840.0,1905.0
1544131276.434718,5200.0,0.0,135.0,3.0,2.0,56.0,0.0,7.0,36.0,26.0,34.0,31.0,1040.0,840.0,1905.0
1544131276.535327,5200.0,0.0,135.0,3.0,2.0,56.0,0.0,7.0,35.0,26.0,32.0,31.0,1040.0,840.0,1905.0
1544131276.635952,5200.0,0.0,135.0,3.0,2.0,56.0,0.0,7.0,37.0,26.0,34.0,32.0,1040.0,840.0,1905.0
1544131276.736607,5200.0,0.0,135.0,3.0,2.0,56.0,0.0,7.0,36.0,26.0,32.0,33.0,1040.0,840.0,1905.0
1544131276.838201,5200.0,0.0,135.0,3.0,2.0,56.0,0.0,7.0,37.0,28.0,33.0,34.0,1040.0,840.0,1905.0
1544131276.93843,5200.0,0.0,135.0,3.0,2.0,56.0,0.0,7.0,36.0,26.0,33.0,32.0,1040.0,840.0,1905.0
1544131277.039048,5200.0,0.0,135.0,3.0,2.0,56.0,0.0,7.0,35.0,25.0,32.0,32.0,1040.0,840.0,1905.0
1544131277.139667,5200.0,0.0,135.0,3.0,2.0,56.0,0.0,7.0,37.0,25.0,34.0,32.0,1040.0,840.0,1905.0
1544131277.2403,5200.0,0.0,135.0,3.0,2.0,56.0,0.0,7.0,36.0,26.0,32.0,33.0,1040.0,840.0,1905.0
1544131277.340924,5200.0,0.0,135.0,3.0,2.0,56.0,0.0,7.0,37.0,25.0,33.0,34.0,1040.0,840.0,1905.0
1544131277.44151,5200.0,0.0,135.0,3.0,2.0,56.0,0.0,7.0,36.0,26.0,32.0,33.0,1040.0,840.0,1905.0
1544131277.542178,5200.0,0.0,135.0,3.0,2.0,56.0,0.0,7.0,36.0,25.0,32.0,33.0,1040.0,840.0,1905.0
1544131277.642812,5200.0,0.0,135.0,3.0,2.0,56.0,0.0,7.0,35.0,26.0,31.0,32.0,1040.0,840.0,1905.0
1544131277.743423,5200.0,0.0,135.0,3.0,2.0,56.0,0.0,7.0,37.0,27.0,34.0,33.0,1040.0,840.0,1905.0
1544131277.844051,5200.0,0.0,135.0,3.0,2.0,56.0,0.0,7.0,37.0,26.0,35.0,33.0,1040.0,840.0,1905.0
1544131277.944658,5200.0,0.0,135.0,3.0,2.0,56.0,0.0,7.0,37.0,26.0,33.0,33.0,1040.0,840.0,1905.0
1544131278.045287,5200.0,0.0,135.0,3.0,2.0,56.0,0.0,7.0,36.0,25.0,33.0,33.0,1040.0,840.0,1905.0
1544131278.145906,5200.0,0.0,135.0,3.0,2.0,56.0,0.0,7.0,37.0,26.0,32.0,34.0,1040.0,840.0,1905.0
1544131278.24652,5200.0,0.0,135.0,3.0,2.0,56.0,0.0,7.0,35.0,25.0,32.0,32.0,1040.0,840.0,1905.0
1544131278.447732,5200.0,0.0,135.0,3.0,2.0,56.0,0.0,7.0,37.0,26.0,34.0,33.0,1040.0,840.0,1905.0
1544131278.548358,5200.0,0.0,135.0,3.0,2.0,56.0,0.0,7.0,36.0,27.0,33.0,32.0,1040.0,840.0,1905.0
1544131278.64899,5200.0,0.0,135.0,3.0,2.0,56.0,0.0,7.0,36.0,26.0,34.0,31.0,1040.0,840.0,1905.0
1544131278.749612,5200.0,0.0,135.0,3.0,2.0,56.0,0.0,7.0,36.0,26.0,33.0,33.0,1040.0,840.0,1905.0
1544131278.850219,5200.0,0.0,135.0,3.0,2.0,56.0,0.0,7.0,35.0,25.0,33.0,31.0,1040.0,840.0,1905.0
1544131278.950828,5200.0,0.0,135.0,3.0,2.0,56.0,0.0,7.0,37.0,26.0,34.0,33.0,1040.0,840.0,1905.0
1544131279.051448,5200.0,0.0,135.0,3.0,2.0,56.0,0.0,7.0,38.0,27.0,36.0,33.0,1040.0,840.0,1905.0
1544131279.152174,5200.0,0.0,135.0,3.0,2.0,56.0,0.0,7.0,37.0,26.0,33.0,33.0,1040.0,840.0,1905.0
1544131279.252784,5200.0,0.0,135.0,3.0,2.0,56.0,0.0,7.0,36.0,26.0,33.0,32.0,1040.0,840.0,1905.0
1544131279.353414,5200.0,0.0,135.0,3.0,2.0,56.0,0.0,7.0,38.0,26.0,35.0,34.0,1040.0,840.0,1905.0
1544131279.45403,5200.0,0.0,135.0,3.0,2.0,56.0,0.0,7.0,36.0,26.0,34.0,31.0,1040.0,840.0,1905.0
1544131279.554653,5200.0,0.0,135.0,3.0,2.0,56.0,0.0,7.0,35.0,26.0,32.0,31.0,1040.0,840.0,1905.0
1544131279.655261,5200.0,0.0,135.0,3.0,2.0,56.0,0.0,7.0,36.0,26.0,31.0,33.0,1040.0,840.0,1905.0
1544131279.755879,5200.0,0.0,135.0,3.0,2.0,56.0,0.0,7.0,37.0,26.0,35.0,32.0,1040.0,840.0,1905.0
1544131279.856497,5200.0,0.0,135.0,3.0,2.0,56.0,0.0,7.0,37.0,27.0,34.0,31.0,1040.0,840.0,1905.0
1544131279.957119,5200.0,0.0,135.0,3.0,2.0,56.0,0.0,7.0,36.0,25.0,31.0,33.0,1040.0,840.0,1905.0
1544131280.057737,5200.0,0.0,135.0,3.0,2.0,56.0,0.0,7.0,37.0,26.0,34.0,32.0,1040.0,840.0,1905.0
1544131280.158357,5200.0,0.0,135.0,3.0,2.0,56.0,0.0,7.0,37.0,28.0,34.0,33.0,1040.0,840.0,1905.0
1544131280.359609,5200.0,0.0,135.0,3.0,2.0,56.0,0.0,7.0,36.0,25.0,32.0,32.0,1040.0,840.0,1905.0
1544131280.460222,5200.0,0.0,135.0,3.0,2.0,56.0,0.0,7.0,37.0,27.0,33.0,33.0,1040.0,840.0,1905.0
1544131280.560828,5200.0,0.0,135.0,3.0,2.0,56.0,0.0,7.0,37.0,26.0,34.0,34.0,1040.0,840.0,1905.0
1544131280.661445,5200.0,0.0,135.0,3.0,2.0,56.0,0.0,7.0,35.0,26.0,32.0,31.0,1040.0,840.0,1905.0
1544131280.762122,5200.0,0.0,135.0,3.0,2.0,56.0,0.0,7.0,36.0,26.0,32.0,33.0,1040.0,840.0,1905.0
1544131280.862748,5200.0,0.0,135.0,3.0,2.0,56.0,0.0,7.0,36.0,27.0,34.0,31.0,1040.0,840.0,1905.0
1544131280.963353,5200.0,0.0,135.0,3.0,2.0,56.0,0.0,7.0,36.0,26.0,33.0,31.0,1040.0,840.0,1905.0
1544131281.06398,5200.0,0.0,135.0,3.0,2.0,56.0,0.0,7.0,36.0,26.0,33.0,33.0,1040.0,840.0,1905.0
1544131281.164587,5200.0,0.0,135.0,3.0,2.0,56.0,0.0,7.0,36.0,25.0,32.0,33.0,1040.0,840.0,1905.0
1544131281.265208,5200.0,0.0,135.0,3.0,2.0,56.0,0.0,7.0,38.0,26.0,35.0,34.0,1040.0,840.0,1905.0
1544131281.36584,5200.0,0.0,135.0,3.0,2.0,56.0,0.0,7.0,36.0,26.0,32.0,32.0,1040.0,840.0,1905.0
1544131281.466444,5200.0,0.0,135.0,3.0,2.0,56.0,0.0,7.0,37.0,25.0,35.0,32.0,1040.0,840.0,1905.0
1544131281.567778,5200.0,0.0,135.0,3.0,2.0,56.0,0.0,7.0,37.0,27.0,34.0,32.0,1040.0,840.0,1905.0
1544131281.66839,5200.0,0.0,135.0,3.0,2.0,56.0,0.0,7.0,36.0,25.0,34.0,33.0,1040.0,840.0,1905.0
1544131281.769009,5200.0,0.0,135.0,3.0,2.0,56.0,0.0,7.0,37.0,26.0,34.0,33.0,1040.0,840.0,1905.0
1544131281.869624,5200.0,0.0,135.0,3.0,2.0,56.0,0.0,7.0,36.0,26.0,33.0,31.0,1040.0,840.0,1905.0
1544131281.970245,5200.0,0.0,135.0,3.0,2.0,56.0,0.0,7.0,37.0,26.0,34.0,34.0,1040.0,840.0,1905.0
1544131282.070849,5200.0,0.0,135.0,3.0,2.0,56.0,0.0,7.0,36.0,26.0,34.0,31.0,1040.0,840.0,1905.0
1544131282.171471,5200.0,0.0,135.0,3.0,2.0,56.0,0.0,7.0,36.0,26.0,33.0,32.0,1040.0,840.0,1905.0
1544131282.272161,5200.0,0.0,135.0,3.0,2.0,56.0,0.0,7.0,37.0,27.0,35.0,33.0,1040.0,840.0,1905.0
1544131282.372775,5200.0,0.0,135.0,3.0,2.0,56.0,0.0,7.0,34.0,25.0,31.0,31.0,1040.0,840.0,1905.0
1544131282.473403,5200.0,0.0,135.0,3.0,2.0,56.0,0.0,7.0,37.0,25.0,33.0,34.0,1040.0,840.0,1905.0
1544131282.574019,5200.0,0.0,135.0,3.0,2.0,56.0,0.0,7.0,36.0,27.0,32.0,32.0,1040.0,840.0,1905.0
1544131282.674663,5200.0,0.0,135.0,3.0,2.0,56.0,0.0,7.0,36.0,25.0,34.0,32.0,1040.0,840.0,1905.0
1544131282.775255,5200.0,0.0,135.0,3.0,2.0,56.0,0.0,7.0,37.0,26.0,34.0,33.0,1040.0,840.0,1905.0
1544131282.875878,5200.0,0.0,135.0,3.0,2.0,56.0,0.0,7.0,36.0,26.0,33.0,33.0,1040.0,840.0,1905.0
1544131282.976492,5200.0,0.0,135.0,3.0,2.0,56.0,0.0,7.0,35.0,25.0,32.0,31.0,1040.0,840.0,1905.0
1544131283.077121,5200.0,0.0,135.0,3.0,2.0,56.0,0.0,7.0,37.0,25.0,34.0,33.0,1040.0,840.0,1905.0
1544131283.177724,5200.0,0.0,135.0,3.0,2.0,56.0,0.0,7.0,36.0,25.0,34.0,32.0,1040.0,840.0,1905.0
1544131283.378973,5200.0,0.0,135.0,3.0,2.0,56.0,0.0,7.0,35.0,26.0,32.0,30.0,1040.0,840.0,1905.0
1544131283.47959,5200.0,0.0,135.0,3.0,2.0,56.0,0.0,7.0,35.0,26.0,32.0,31.0,1040.0,840.0,1905.0
1544131283.580215,5200.0,0.0,135.0,3.0,2.0,56.0,0.0,7.0,37.0,26.0,34.0,33.0,1040.0,840.0,1905.0
1544131283.680817,5200.0,0.0,135.0,3.0,2.0,56.0,0.0,7.0,37.0,26.0,35.0,33.0,1040.0,840.0,1905.0
1544131283.781449,5200.0,0.0,135.0,3.0,2.0,56.0,0.0,7.0,37.0,26.0,33.0,33.0,1040.0,840.0,1905.0
1544131283.882792,5200.0,0.0,135.0,3.0,2.0,56.0,0.0,7.0,37.0,25.0,34.0,33.0,1040.0,840.0,1905.0
1544131283.983412,5200.0,0.0,135.0,3.0,2.0,56.0,0.0,7.0,35.0,25.0,31.0,33.0,1040.0,840.0,1905.0
1544131284.084025,5200.0,0.0,135.0,3.0,2.0,56.0,0.0,7.0,36.0,27.0,32.0,33.0,1040.0,840.0,1905.0
1544131284.184645,5200.0,0.0,135.0,3.0,2.0,56.0,0.0,7.0,37.0,26.0,35.0,31.0,1040.0,840.0,1905.0
1544131284.285265,5200.0,0.0,135.0,3.0,2.0,56.0,0.0,7.0,36.0,26.0,33.0,33.0,1040.0,840.0,1905.0
1544131284.38589,5200.0,0.0,135.0,3.0,2.0,56.0,0.0,7.0,36.0,27.0,31.0,33.0,1040.0,840.0,1905.0
1544131284.486489,5200.0,0.0,135.0,3.0,2.0,56.0,0.0,7.0,38.0,27.0,34.0,34.0,1040.0,840.0,1905.0
1544131284.587129,5200.0,0.0,135.0,3.0,2.0,56.0,0.0,7.0,36.0,25.0,34.0,31.0,1040.0,840.0,1905.0
1544131284.687742,5200.0,0.0,135.0,3.0,2.0,56.0,0.0,7.0,37.0,26.0,34.0,33.0,1040.0,840.0,1905.0
1544131284.788375,5200.0,0.0,135.0,3.0,2.0,56.0,0.0,7.0,36.0,25.0,33.0,33.0,1040.0,840.0,1905.0
1544131284.888987,5200.0,0.0,135.0,3.0,2.0,56.0,0.0,7.0,36.0,27.0,33.0,33.0,1040.0,840.0,1905.0
1544131284.989613,5200.0,0.0,135.0,3.0,2.0,56.0,0.0,7.0,37.0,26.0,34.0,34.0,1040.0,840.0,1905.0
1544131285.090224,5200.0,0.0,135.0,3.0,2.0,56.0,0.0,7.0,37.0,26.0,34.0,33.0,1040.0,840.0,1905.0
1544131285.19084,5200.0,0.0,135.0,3.0,2.0,56.0,0.0,7.0,36.0,26.0,32.0,33.0,1040.0,840.0,1905.0
1544131285.291447,5200.0,0.0,135.0,3.0,2.0,56.0,0.0,7.0,37.0,27.0,34.0,34.0,1040.0,840.0,1905.0
1544131285.392131,5200.0,0.0,135.0,3.0,2.0,56.0,0.0,7.0,36.0,26.0,34.0,32.0,1040.0,840.0,1905.0
1544131285.49275,5200.0,0.0,135.0,3.0,2.0,56.0,0.0,7.0,36.0,26.0,34.0,31.0,1040.0,840.0,1905.0
1544131285.593375,5200.0,0.0,135.0,3.0,2.0,56.0,0.0,7.0,35.0,28.0,32.0,31.0,1040.0,840.0,1905.0
1544131285.693986,5200.0,0.0,135.0,3.0,2.0,56.0,0.0,7.0,36.0,27.0,33.0,32.0,1040.0,840.0,1905.0
1544131285.794626,5200.0,0.0,135.0,3.0,2.0,56.0,0.0,7.0,36.0,25.0,33.0,32.0,1040.0,840.0,1905.0
1544131285.895233,5200.0,0.0,135.0,3.0,2.0,56.0,0.0,7.0,36.0,27.0,33.0,32.0,1040.0,840.0,1905.0
1544131286.096452,5200.0,0.0,135.0,3.0,2.0,56.0,0.0,7.0,37.0,26.0,34.0,33.0,1040.0,840.0,1905.0
1544131286.197073,5200.0,0.0,135.0,3.0,2.0,56.0,0.0,7.0,36.0,27.0,33.0,33.0,1040.0,840.0,1905.0
1544131286.298402,5200.0,0.0,135.0,3.0,2.0,56.0,0.0,7.0,36.0,26.0,32.0,34.0,1040.0,840.0,1905.0
1544131286.399018,5200.0,0.0,135.0,3.0,2.0,56.0,0.0,7.0,37.0,26.0,33.0,33.0,1040.0,840.0,1905.0
1544131286.499645,5200.0,0.0,135.0,3.0,2.0,56.0,0.0,7.0,37.0,26.0,34.0,33.0,1040.0,840.0,1905.0
1544131286.600275,5200.0,0.0,135.0,3.0,2.0,56.0,0.0,7.0,36.0,25.0,33.0,33.0,1040.0,840.0,1905.0
1544131286.700886,5200.0,0.0,135.0,3.0,2.0,56.0,0.0,7.0,36.0,27.0,32.0,31.0,1040.0,840.0,1905.0
1544131286.801498,5200.0,0.0,135.0,3.0,2.0,56.0,0.0,7.0,37.0,25.0,34.0,33.0,1040.0,840.0,1905.0
1544131286.90224,5200.0,0.0,135.0,3.0,2.0,56.0,0.0,7.0,37.0,26.0,35.0,33.0,1040.0,840.0,1905.0
1544131287.002839,5200.0,0.0,135.0,3.0,2.0,56.0,0.0,7.0,36.0,26.0,32.0,34.0,1040.0,840.0,1905.0
1544131287.103456,5200.0,0.0,135.0,3.0,2.0,56.0,0.0,7.0,36.0,26.0,34.0,31.0,1040.0,840.0,1905.0
1544131287.204074,5200.0,0.0,135.0,3.0,2.0,56.0,0.0,7.0,37.0,27.0,34.0,33.0,1040.0,840.0,1905.0
1544131287.304683,5200.0,0.0,135.0,3.0,2.0,56.0,0.0,7.0,36.0,27.0,33.0,32.0,1040.0,840.0,1905.0
1544131287.405305,5200.0,0.0,135.0,3.0,2.0,56.0,0.0,7.0,38.0,27.0,35.0,34.0,1040.0,840.0,1905.0
1544131287.505922,5200.0,0.0,135.0,3.0,2.0,56.0,0.0,7.0,37.0,26.0,35.0,34.0,1040.0,840.0,1905.0
1544131287.606567,5200.0,0.0,135.0,3.0,2.0,56.0,0.0,7.0,36.0,26.0,32.0,33.0,1040.0,840.0,1905.0
1544131287.707162,5200.0,0.0,135.0,3.0,2.0,56.0,0.0,7.0,36.0,26.0,33.0,32.0,1040.0,840.0,1905.0
1544131287.807776,5200.0,0.0,135.0,3.0,2.0,56.0,0.0,7.0,37.0,26.0,35.0,33.0,1040.0,840.0,1905.0
1544131287.908401,5200.0,0.0,135.0,3.0,2.0,56.0,0.0,7.0,36.0,26.0,33.0,33.0,1040.0,840.0,1905.0
1544131288.109637,5200.0,0.0,135.0,3.0,2.0,56.0,0.0,7.0,37.0,25.0,34.0,32.0,1040.0,840.0,1905.0
1544131288.210252,5200.0,0.0,135.0,3.0,2.0,56.0,0.0,7.0,37.0,27.0,34.0,33.0,1040.0,840.0,1905.0
1544131288.310858,5200.0,0.0,135.0,3.0,2.0,56.0,0.0,7.0,35.0,26.0,32.0,32.0,1040.0,840.0,1905.0
1544131288.411489,5200.0,0.0,135.0,3.0,2.0,56.0,0.0,7.0,36.0,27.0,33.0,32.0,1040.0,840.0,1905.0
1544131288.512156,5200.0,0.0,135.0,3.0,2.0,56.0,0.0,7.0,38.0,29.0,33.0,35.0,1040.0,840.0,1905.0
1544131288.613865,5200.0,0.0,135.0,3.0,2.0,56.0,0.0,7.0,36.0,27.0,32.0,33.0,1040.0,840.0,1905.0
1544131288.714014,5200.0,0.0,135.0,3.0,2.0,56.0,0.0,7.0,37.0,26.0,34.0,34.0,1040.0,840.0,1905.0
1544131288.814636,5200.0,0.0,135.0,3.0,2.0,56.0,0.0,7.0,35.0,26.0,32.0,31.0,1040.0,840.0,1905.0
1544131288.915245,5200.0,0.0,135.0,3.0,2.0,56.0,0.0,7.0,35.0,26.0,32.0,32.0,1040.0,840.0,1905.0
1544131289.015876,5200.0,0.0,135.0,3.0,2.0,56.0,0.0,7.0,36.0,27.0,34.0,31.0,1040.0,840.0,1905.0
1544131289.116504,5200.0,0.0,135.0,3.0,2.0,56.0,0.0,7.0,37.0,25.0,34.0,32.0,1040.0,840.0,1905.0
1544131289.217107,5200.0,0.0,135.0,3.0,2.0,56.0,0.0,7.0,36.0,25.0,33.0,32.0,1040.0,840.0,1905.0
1544131289.317727,5200.0,0.0,135.0,3.0,2.0,56.0,0.0,7.0,37.0,27.0,34.0,33.0,1040.0,840.0,1905.0
1544131289.418351,5200.0,0.0,135.0,3.0,2.0,56.0,0.0,7.0,36.0,26.0,32.0,33.0,1040.0,840.0,1905.0
1544131289.518973,5200.0,0.0,135.0,3.0,2.0,56.0,0.0,7.0,36.0,26.0,32.0,32.0,1040.0,840.0,1905.0
1544131289.619593,5200.0,0.0,135.0,3.0,2.0,56.0,0.0,7.0,36.0,26.0,32.0,33.0,1040.0,840.0,1905.0
1544131289.720209,5200.0,0.0,135.0,3.0,2.0,56.0,0.0,7.0,36.0,27.0,34.0,32.0,1040.0,840.0,1905.0
1544131289.820825,5200.0,0.0,135.0,3.0,2.0,56.0,0.0,7.0,36.0,26.0,33.0,32.0,1040.0,840.0,1905.0
1544131290.022144,5200.0,0.0,135.0,3.0,2.0,56.0,0.0,7.0,36.0,26.0,32.0,32.0,1040.0,840.0,1905.0
1544131290.122753,5200.0,0.0,135.0,3.0,2.0,56.0,0.0,7.0,35.0,26.0,32.0,32.0,1040.0,840.0,1905.0
1544131290.223371,5200.0,0.0,135.0,3.0,2.0,56.0,0.0,7.0,37.0,26.0,34.0,33.0,1040.0,840.0,1905.0
1544131290.323979,5200.0,0.0,135.0,3.0,2.0,56.0,0.0,7.0,36.0,25.0,32.0,33.0,1040.0,840.0,1905.0
1544131290.424603,5200.0,0.0,135.0,3.0,2.0,56.0,0.0,7.0,37.0,26.0,34.0,33.0,1040.0,840.0,1905.0
1544131290.525217,5200.0,0.0,135.0,3.0,2.0,56.0,0.0,7.0,37.0,26.0,34.0,33.0,1040.0,840.0,1905.0
1544131290.625856,5200.0,0.0,135.0,3.0,2.0,56.0,0.0,7.0,37.0,26.0,32.0,34.0,1040.0,840.0,1905.0
1544131290.726462,5200.0,0.0,135.0,3.0,2.0,56.0,0.0,7.0,38.0,27.0,34.0,35.0,1040.0,840.0,1905.0
1544131290.827087,5200.0,0.0,135.0,3.0,2.0,56.0,0.0,7.0,36.0,26.0,33.0,33.0,1040.0,840.0,1905.0
1544131290.927698,5200.0,0.0,135.0,3.0,2.0,56.0,0.0,7.0,37.0,26.0,34.0,32.0,1040.0,840.0,1905.0
1544131291.029036,5200.0,0.0,135.0,3.0,2.0,56.0,0.0,7.0,37.0,26.0,33.0,33.0,1040.0,840.0,1905.0
1544131291.129647,5200.0,0.0,135.0,3.0,2.0,56.0,0.0,7.0,37.0,26.0,34.0,33.0,1040.0,840.0,1905.0
1544131291.230286,5200.0,0.0,135.0,3.0,2.0,56.0,0.0,7.0,36.0,27.0,34.0,32.0,1040.0,840.0,1905.0
1544131291.330889,5200.0,0.0,135.0,3.0,2.0,56.0,0.0,7.0,36.0,27.0,32.0,33.0,1040.0,840.0,1905.0
1544131291.431495,5200.0,0.0,135.0,3.0,2.0,56.0,0.0,7.0,36.0,27.0,34.0,30.0,1040.0,840.0,1905.0
1544131291.532178,5200.0,0.0,135.0,3.0,2.0,56.0,0.0,7.0,35.0,26.0,31.0,31.0,1040.0,840.0,1905.0
1544131291.632791,5200.0,0.0,135.0,3.0,2.0,56.0,0.0,7.0,37.0,28.0,34.0,33.0,1040.0,840.0,1905.0
1544131291.733407,5200.0,0.0,135.0,3.0,2.0,56.0,0.0,7.0,36.0,26.0,33.0,33.0,1040.0,840.0,1905.0
1544131291.834031,5200.0,0.0,135.0,3.0,2.0,56.0,0.0,7.0,35.0,26.0,31.0,31.0,1040.0,840.0,1905.0
1544131291.93464,5200.0,0.0,135.0,3.0,2.0,56.0,0.0,7.0,37.0,26.0,33.0,33.0,1040.0,840.0,1905.0
1544131292.035253,5200.0,0.0,135.0,3.0,2.0,56.0,0.0,7.0,37.0,27.0,34.0,32.0,1040.0,840.0,1905.0
1544131292.135871,5200.0,0.0,135.0,3.0,2.0,56.0,0.0,7.0,36.0,25.0,32.0,32.0,1040.0,840.0,1905.0
1544131292.236479,5200.0,0.0,135.0,3.0,2.0,56.0,0.0,7.0,36.0,26.0,31.0,33.0,1040.0,840.0,1905.0
1544131292.337101,5200.0,0.0,135.0,3.0,2.0,56.0,0.0,7.0,36.0,26.0,33.0,33.0,1040.0,840.0,1905.0
1544131292.437724,5200.0,0.0,135.0,3.0,2.0,56.0,0.0,7.0,36.0,26.0,33.0,33.0,1040.0,840.0,1905.0
1544131292.638972,5200.0,0.0,135.0,3.0,2.0,56.0,0.0,7.0,37.0,25.0,35.0,32.0,1040.0,840.0,1905.0
1544131292.739583,5200.0,0.0,135.0,3.0,2.0,56.0,0.0,7.0,36.0,25.0,34.0,32.0,1040.0,840.0,1905.0
1544131292.840206,5200.0,0.0,135.0,3.0,2.0,56.0,0.0,7.0,35.0,26.0,32.0,32.0,1040.0,840.0,1905.0
1544131292.940829,5200.0,0.0,135.0,3.0,2.0,56.0,0.0,7.0,36.0,25.0,33.0,32.0,1040.0,840.0,1905.0
1544131293.041429,5200.0,0.0,135.0,3.0,2.0,56.0,0.0,7.0,37.0,26.0,35.0,33.0,1040.0,840.0,1905.0
1544131293.142144,5200.0,0.0,135.0,3.0,2.0,56.0,0.0,7.0,36.0,26.0,33.0,33.0,1040.0,840.0,1905.0
1544131293.242755,5200.0,0.0,135.0,3.0,2.0,56.0,0.0,7.0,35.0,26.0,31.0,32.0,1040.0,840.0,1905.0
1544131293.344075,5200.0,0.0,135.0,3.0,2.0,56.0,0.0,7.0,35.0,25.0,32.0,31.0,1040.0,840.0,1905.0
1544131293.444695,5200.0,0.0,135.0,3.0,2.0,56.0,0.0,7.0,36.0,26.0,32.0,32.0,1040.0,840.0,1905.0
1544131293.545318,5200.0,0.0,135.0,3.0,2.0,56.0,0.0,7.0,35.0,26.0,32.0,31.0,1040.0,840.0,1905.0
1544131293.645946,5200.0,0.0,135.0,3.0,2.0,56.0,0.0,7.0,35.0,27.0,33.0,31.0,1040.0,840.0,1905.0
1544131293.746587,5200.0,0.0,135.0,3.0,2.0,56.0,0.0,7.0,36.0,25.0,31.0,33.0,1040.0,840.0,1905.0
1544131293.847167,5200.0,0.0,135.0,3.0,2.0,56.0,0.0,7.0,37.0,27.0,33.0,35.0,1040.0,840.0,1905.0
1544131293.947783,5200.0,0.0,135.0,3.0,2.0,56.0,0.0,7.0,36.0,24.0,33.0,32.0,1040.0,840.0,1905.0
1544131294.048406,5200.0,0.0,135.0,3.0,2.0,56.0,0.0,7.0,37.0,27.0,35.0,33.0,1040.0,840.0,1905.0
1544131294.149033,5200.0,0.0,135.0,3.0,2.0,56.0,0.0,7.0,36.0,26.0,33.0,33.0,1040.0,840.0,1905.0
1544131294.249665,5200.0,0.0,135.0,3.0,2.0,56.0,0.0,7.0,37.0,26.0,33.0,34.0,1040.0,840.0,1905.0
1544131294.350289,5200.0,0.0,135.0,3.0,2.0,56.0,0.0,7.0,37.0,26.0,34.0,32.0,1040.0,840.0,1905.0
1544131294.552907,5200.0,0.0,135.0,3.0,2.0,56.0,0.0,7.0,38.0,27.0,33.0,35.0,1040.0,840.0,1905.0
1544131294.652092,5200.0,0.0,135.0,3.0,2.0,56.0,0.0,7.0,37.0,26.0,33.0,33.0,1040.0,840.0,1905.0
1544131294.752706,5200.0,0.0,135.0,3.0,2.0,56.0,0.0,7.0,36.0,26.0,34.0,32.0,1040.0,840.0,1905.0
1544131294.853394,5200.0,0.0,135.0,3.0,2.0,56.0,0.0,7.0,35.0,26.0,32.0,31.0,1040.0,840.0,1905.0
1544131294.953998,5200.0,0.0,135.0,3.0,2.0,56.0,0.0,7.0,35.0,25.0,32.0,31.0,1040.0,840.0,1905.0
1544131295.054622,5200.0,0.0,135.0,3.0,2.0,56.0,0.0,7.0,37.0,26.0,34.0,33.0,1040.0,840.0,1905.0
1544131295.155243,5200.0,0.0,135.0,3.0,2.0,56.0,0.0,7.0,37.0,26.0,34.0,32.0,1040.0,840.0,1905.0
1544131295.255857,5200.0,0.0,135.0,3.0,2.0,56.0,0.0,7.0,36.0,26.0,33.0,32.0,1040.0,840.0,1905.0
1544131295.356468,5200.0,0.0,135.0,3.0,2.0,56.0,0.0,7.0,35.0,25.0,31.0,32.0,1040.0,840.0,1905.0
1544131295.457085,5200.0,0.0,135.0,3.0,2.0,56.0,0.0,7.0,36.0,26.0,33.0,32.0,1040.0,840.0,1905.0
1544131295.557693,5200.0,0.0,135.0,3.0,2.0,56.0,0.0,7.0,37.0,26.0,35.0,34.0,1040.0,840.0,1905.0
1544131295.658319,5200.0,0.0,135.0,3.0,2.0,56.0,0.0,7.0,36.0,26.0,31.0,33.0,1040.0,840.0,1905.0
1544131295.758989,5200.0,0.0,135.0,3.0,2.0,56.0,0.0,7.0,36.0,26.0,33.0,31.0,1040.0,840.0,1905.0
1544131295.859612,5200.0,0.0,135.0,3.0,2.0,56.0,0.0,7.0,35.0,26.0,32.0,32.0,1040.0,840.0,1905.0
1544131295.960228,5200.0,0.0,135.0,3.0,2.0,56.0,0.0,7.0,37.0,28.0,33.0,34.0,1040.0,840.0,1905.0
1544131296.060851,5200.0,0.0,135.0,3.0,2.0,56.0,0.0,7.0,37.0,25.0,33.0,34.0,1040.0,840.0,1905.0
1544131296.161457,5200.0,0.0,135.0,3.0,2.0,56.0,0.0,7.0,37.0,26.0,35.0,33.0,1040.0,840.0,1905.0
1544131296.262155,5200.0,0.0,135.0,3.0,2.0,56.0,0.0,7.0,36.0,24.0,32.0,32.0,1040.0,840.0,1905.0
1544131296.362769,5200.0,0.0,135.0,3.0,2.0,56.0,0.0,7.0,35.0,28.0,32.0,31.0,1040.0,840.0,1905.0
1544131296.563981,5200.0,0.0,135.0,3.0,2.0,56.0,0.0,7.0,35.0,26.0,32.0,31.0,1040.0,840.0,1905.0
1544131296.664617,5200.0,0.0,135.0,3.0,2.0,56.0,0.0,7.0,37.0,28.0,34.0,32.0,1040.0,840.0,1905.0
1544131296.765224,5200.0,0.0,135.0,3.0,2.0,56.0,0.0,7.0,37.0,27.0,34.0,33.0,1040.0,840.0,1905.0
1544131296.865845,5200.0,0.0,135.0,3.0,2.0,56.0,0.0,7.0,36.0,25.0,33.0,33.0,1040.0,840.0,1905.0
1544131296.966472,5200.0,0.0,135.0,3.0,2.0,56.0,0.0,7.0,36.0,26.0,32.0,33.0,1040.0,840.0,1905.0
1544131297.06709,5200.0,0.0,135.0,3.0,2.0,56.0,0.0,7.0,36.0,27.0,34.0,31.0,1040.0,840.0,1905.0
1544131297.167686,5200.0,0.0,135.0,3.0,2.0,56.0,0.0,7.0,37.0,28.0,34.0,32.0,1040.0,840.0,1905.0
1544131297.268303,5200.0,0.0,135.0,3.0,2.0,56.0,0.0,7.0,36.0,26.0,33.0,32.0,1040.0,840.0,1905.0
1544131297.368925,5200.0,0.0,135.0,3.0,2.0,56.0,0.0,7.0,37.0,25.0,34.0,33.0,1040.0,840.0,1905.0
1544131297.469534,5200.0,0.0,135.0,3.0,2.0,56.0,0.0,7.0,37.0,25.0,33.0,34.0,1040.0,840.0,1905.0
1544131297.570142,5200.0,0.0,135.0,3.0,2.0,56.0,0.0,7.0,36.0,26.0,32.0,33.0,1040.0,840.0,1905.0
1544131297.670743,5200.0,0.0,135.0,3.0,2.0,56.0,0.0,7.0,36.0,27.0,33.0,33.0,1040.0,840.0,1905.0
1544131297.771369,5200.0,0.0,135.0,3.0,2.0,56.0,0.0,7.0,36.0,26.0,34.0,32.0,1040.0,840.0,1905.0
1544131297.872035,5200.0,0.0,135.0,3.0,2.0,56.0,0.0,7.0,36.0,26.0,34.0,31.0,1040.0,840.0,1905.0
1544131297.972648,5200.0,0.0,135.0,3.0,2.0,56.0,0.0,7.0,37.0,26.0,33.0,33.0,1040.0,840.0,1905.0
1544131298.074001,5200.0,0.0,135.0,3.0,2.0,56.0,0.0,7.0,37.0,27.0,34.0,32.0,1040.0,840.0,1905.0
1544131298.174622,5200.0,0.0,135.0,3.0,2.0,56.0,0.0,7.0,35.0,25.0,31.0,31.0,1040.0,840.0,1905.0
1544131298.275224,5200.0,0.0,135.0,3.0,2.0,56.0,0.0,7.0,36.0,26.0,34.0,32.0,1040.0,840.0,1905.0
1544131298.476481,5200.0,0.0,135.0,3.0,2.0,56.0,0.0,7.0,36.0,26.0,32.0,33.0,1040.0,840.0,1905.0
1544131298.577092,5200.0,0.0,135.0,3.0,2.0,56.0,0.0,7.0,38.0,27.0,35.0,34.0,1040.0,840.0,1905.0
1544131298.677725,5200.0,0.0,135.0,3.0,2.0,56.0,0.0,7.0,35.0,24.0,32.0,31.0,1040.0,840.0,1905.0
1544131298.778339,5200.0,0.0,135.0,3.0,2.0,56.0,0.0,7.0,36.0,26.0,34.0,32.0,1040.0,840.0,1905.0
1544131298.878967,5200.0,0.0,135.0,3.0,2.0,56.0,0.0,7.0,36.0,27.0,34.0,32.0,1040.0,840.0,1905.0
1544131298.979598,5200.0,0.0,135.0,3.0,2.0,56.0,0.0,7.0,37.0,27.0,34.0,33.0,1040.0,840.0,1905.0
1544131299.080208,5200.0,0.0,135.0,3.0,2.0,56.0,0.0,7.0,36.0,25.0,32.0,33.0,1040.0,840.0,1905.0
1544131299.180822,5200.0,0.0,135.0,3.0,2.0,56.0,0.0,7.0,36.0,25.0,33.0,32.0,1040.0,840.0,1905.0
1544131299.281435,5200.0,0.0,135.0,3.0,2.0,56.0,0.0,7.0,37.0,26.0,34.0,33.0,1040.0,840.0,1905.0
1544131299.382151,5200.0,0.0,135.0,3.0,2.0,56.0,0.0,7.0,35.0,25.0,32.0,31.0,1040.0,840.0,1905.0
1544131299.482765,5200.0,0.0,135.0,3.0,2.0,56.0,0.0,7.0,36.0,26.0,33.0,33.0,1040.0,840.0,1905.0
1544131299.583384,5200.0,0.0,135.0,3.0,2.0,56.0,0.0,7.0,36.0,25.0,32.0,32.0,1040.0,840.0,1905.0
1544131299.684007,5200.0,0.0,135.0,3.0,2.0,56.0,0.0,7.0,37.0,26.0,33.0,33.0,1040.0,840.0,1905.0
1544131299.784618,5200.0,0.0,135.0,3.0,2.0,56.0,0.0,7.0,36.0,27.0,32.0,32.0,1040.0,840.0,1905.0
1544131299.885241,5200.0,0.0,135.0,3.0,2.0,56.0,0.0,7.0,37.0,26.0,34.0,33.0,1040.0,840.0,1905.0
1544131299.985853,5200.0,0.0,135.0,3.0,2.0,56.0,0.0,7.0,37.0,25.0,34.0,33.0,1040.0,840.0,1905.0
1544131300.086467,5200.0,0.0,135.0,3.0,2.0,56.0,0.0,7.0,37.0,28.0,34.0,32.0,1040.0,840.0,1905.0
1544131300.187091,5200.0,0.0,135.0,3.0,2.0,56.0,0.0,7.0,36.0,27.0,33.0,32.0,1040.0,840.0,1905.0
1544131300.287714,5200.0,0.0,135.0,3.0,2.0,56.0,0.0,7.0,37.0,26.0,33.0,34.0,1040.0,840.0,1905.0
1544131300.489542,5200.0,0.0,135.0,3.0,2.0,56.0,0.0,7.0,37.0,26.0,34.0,33.0,1040.0,840.0,1905.0
1544131300.590152,5200.0,0.0,135.0,3.0,2.0,56.0,0.0,7.0,37.0,26.0,33.0,33.0,1040.0,840.0,1905.0
1544131300.690769,5200.0,0.0,135.0,3.0,2.0,56.0,0.0,7.0,37.0,26.0,34.0,33.0,1040.0,840.0,1905.0
1544131300.791413,5200.0,0.0,135.0,3.0,2.0,56.0,0.0,7.0,36.0,25.0,34.0,31.0,1040.0,840.0,1905.0
1544131300.892095,5200.0,0.0,135.0,3.0,2.0,56.0,0.0,7.0,36.0,26.0,31.0,34.0,1040.0,840.0,1905.0
1544131300.992698,5200.0,0.0,135.0,3.0,2.0,56.0,0.0,7.0,36.0,26.0,32.0,33.0,1040.0,840.0,1905.0
1544131301.093335,5200.0,0.0,135.0,3.0,2.0,56.0,0.0,7.0,36.0,26.0,31.0,33.0,1040.0,840.0,1905.0
1544131301.193959,5200.0,0.0,135.0,3.0,2.0,56.0,0.0,7.0,35.0,24.0,31.0,31.0,1040.0,840.0,1905.0
1544131301.294564,5200.0,0.0,135.0,3.0,2.0,56.0,0.0,7.0,36.0,27.0,34.0,32.0,1040.0,840.0,1905.0
1544131301.395181,5200.0,0.0,135.0,3.0,2.0,56.0,0.0,7.0,37.0,27.0,34.0,33.0,1040.0,840.0,1905.0
1544131301.495799,5200.0,0.0,135.0,3.0,2.0,56.0,0.0,7.0,36.0,26.0,32.0,33.0,1040.0,840.0,1905.0
1544131301.596426,5200.0,0.0,135.0,3.0,2.0,56.0,0.0,7.0,37.0,27.0,33.0,33.0,1040.0,840.0,1905.0
1544131301.697043,5200.0,0.0,135.0,3.0,2.0,56.0,0.0,7.0,37.0,26.0,33.0,33.0,1040.0,840.0,1905.0
1544131301.797665,5200.0,0.0,135.0,3.0,2.0,56.0,0.0,7.0,36.0,27.0,32.0,33.0,1040.0,840.0,1905.0
1544131301.898272,5200.0,0.0,135.0,3.0,2.0,56.0,0.0,7.0,36.0,25.0,33.0,31.0,1040.0,840.0,1905.0
1544131301.998886,5200.0,0.0,135.0,3.0,2.0,56.0,0.0,7.0,35.0,24.0,32.0,32.0,1040.0,840.0,1905.0
1544131302.099508,5200.0,0.0,135.0,3.0,2.0,56.0,0.0,7.0,37.0,27.0,34.0,33.0,1040.0,840.0,1905.0
1544131302.200121,5200.0,0.0,135.0,3.0,2.0,56.0,0.0,7.0,36.0,26.0,31.0,33.0,1040.0,840.0,1905.0
